ULAND;UJAHR;UMONAT;USTUNDE;UWOCHENTAG;UKATEGORIE;UART;UTYP1;ULICHTVERH;IstRad;IstPKW;IstFuss;IstKrad;IstGkfz;IstSonstig;STRZUSTAND;XGCSWGS84;YGCSWGS84
2;2018;11;15;2;2;4;6;0;0;1;0;0;0;0;1;9.944042085;53.620641942
2;2018;12;9;3;3;1;6;0;0;1;0;0;0;0;1;9.991348402;53.607024091
2;2018;10;13;2;3;0;6;0;0;1;0;0;0;1;0;10.026870634;53.555553152
2;2018;7;11;5;3;0;6;0;1;0;1;0;0;0;0;9.963644338;53.60009384
2;2018;12;22;6;2;6;2;2;0;1;1;0;0;0;0;9.909806101;53.627438249
2;2018;6;15;4;3;4;2;0;1;1;0;0;0;0;0;9.952658328;53.571441983
2;2018;7;0;6;2;6;4;2;0;1;1;1;0;0;0;10.010071509;53.620460609
2;2018;8;13;7;3;3;6;0;0;1;0;0;0;0;0;10.134911385;53.526872955
2;2018;9;17;6;2;6;4;0;0;1;1;0;0;0;0;9.967943473;53.588637827
2;2018;6;15;5;2;5;2;0;1;0;0;0;0;1;0;9.898798269;53.565192579
2;2018;9;8;5;3;1;6;0;0;1;0;0;0;0;0;9.983924081;53.597463065
2;2018;11;9;2;3;5;3;0;0;1;0;0;0;0;1;10.039468089;53.557813195
2;2018;12;8;4;3;4;2;0;1;1;0;0;0;0;0;9.962138714;53.577894431
2;2018;10;17;4;3;3;6;0;0;1;0;0;0;1;0;9.897235466;53.554234983
2;2018;7;23;5;3;7;7;2;0;1;0;0;0;0;0;10.231555578;53.488273478
2;2018;8;18;5;3;0;7;1;0;0;0;1;0;0;0;9.944079916;53.572623634
2;2018;11;6;4;3;3;6;0;0;1;0;0;1;0;0;9.915768126;53.584521189
2;2018;6;15;5;3;5;3;0;0;1;0;0;0;0;0;9.95969322;53.560166248
2;2018;10;1;3;3;2;6;2;0;1;0;0;1;0;0;9.92274309;53.594826507
2;2018;6;15;4;3;2;4;0;0;1;1;0;0;0;0;9.973439361;53.466283211
2;2018;7;23;4;3;2;6;2;0;1;0;0;0;0;1;10.009918425;53.620149116
2;2018;11;23;7;3;2;6;2;0;1;0;0;0;0;0;9.901451205;53.621661567
2;2018;8;8;2;3;3;6;0;1;0;0;0;0;0;1;9.975231348;53.549471736
2;2018;12;14;6;3;5;3;0;1;1;0;0;0;0;1;9.963571671;53.469347206
2;2018;10;16;5;3;2;6;0;0;1;0;0;0;0;0;9.930705917;53.535574661
2;2018;6;16;4;3;3;2;0;1;1;0;0;0;0;0;10.203269973;53.490272852
2;2018;8;16;5;3;2;6;0;0;1;0;0;0;0;0;9.842178898;53.472527831
2;2018;8;10;5;3;3;2;0;1;0;0;0;1;0;0;9.983926262;53.595914463
2;2018;9;7;4;3;3;2;0;1;1;0;0;0;0;0;10.034436454;53.5642342
2;2018;6;20;5;3;0;1;0;0;0;0;1;0;0;0;10.025748228;53.551667221
2;2018;6;16;4;3;1;7;0;1;1;0;0;0;0;0;9.871237762;53.571133767
2;2018;7;22;3;3;0;7;2;0;1;0;0;0;1;0;9.918700359;53.564073684
2;2018;11;15;5;3;3;2;0;1;1;0;0;0;0;0;9.823135432;53.576413456
2;2018;12;11;3;3;2;6;0;0;0;0;0;1;0;0;9.913448192;53.542870362
2;2018;10;14;2;3;5;2;0;1;1;0;0;0;0;0;9.914848411;53.5648015
2;2018;7;10;4;3;2;6;0;0;0;0;0;0;1;0;9.855991957;53.572041653
2;2018;8;9;6;3;2;6;0;0;1;0;0;0;1;0;9.915997061;53.585652332
2;2018;9;9;4;3;3;6;0;0;1;0;0;0;0;0;9.952153825;53.561866818
2;2018;6;15;4;3;2;6;0;0;1;0;0;0;0;0;9.871209065;53.57113484
2;2018;9;8;3;2;2;6;0;1;0;0;0;0;0;0;9.984284114;53.548207749
2;2018;11;22;7;3;2;6;2;0;1;0;0;0;0;1;9.933777977;53.583096547
2;2018;12;17;2;3;5;2;2;0;1;0;0;0;0;1;9.907519875;53.61783408
2;2018;10;19;2;3;2;6;1;0;1;0;0;0;1;0;9.915597734;53.588704493
2;2018;7;17;2;3;2;6;0;0;1;0;0;0;0;0;9.904379697;53.470902588
2;2018;8;15;3;3;2;6;0;0;1;0;0;0;0;0;10.026901184;53.532545215
2;2018;11;14;6;3;0;6;0;0;1;0;0;0;1;0;9.960773274;53.559753
2;2018;6;14;4;3;1;6;0;0;1;0;1;0;0;0;9.899253129;53.564670661
2;2018;10;22;6;3;1;6;2;0;1;0;0;0;0;0;9.843357667;53.572935336
2;2018;6;8;4;3;4;2;0;1;1;0;0;0;0;0;9.908194758;53.620439873
2;2018;7;7;1;3;3;6;0;0;1;0;0;0;1;0;9.858814507;53.572010098
2;2018;11;9;5;3;4;2;0;0;1;0;0;0;1;1;9.928706524;53.592195
2;2018;12;16;3;3;2;6;2;0;1;0;0;0;0;0;9.959118509;53.608969367
2;2018;8;22;4;2;5;2;2;0;1;0;1;0;0;0;9.928632511;53.592236061
2;2018;11;8;2;3;2;6;0;0;1;0;0;0;1;1;10.150156288;53.520794742
2;2018;6;14;4;3;5;2;0;1;1;0;0;0;0;0;9.962045612;53.603327622
2;2018;10;15;7;3;2;6;0;0;1;0;0;0;0;0;9.974487327;53.549554366
2;2018;6;5;3;2;1;5;1;0;1;0;1;0;0;0;9.889346289;53.471918649
2;2018;7;9;3;3;3;2;0;1;1;0;0;0;0;1;9.963526136;53.579269647
2;2018;11;19;6;3;3;6;2;0;1;0;0;1;0;0;9.916776738;53.610619619
2;2018;8;17;7;3;5;3;0;1;1;0;0;0;0;0;9.944323897;53.57288011
2;2018;12;10;4;3;6;4;0;0;1;1;0;0;0;1;10.203401635;53.489707194
2;2018;10;19;4;3;2;6;1;0;1;0;0;0;0;0;9.898780355;53.561789476
2;2018;6;7;3;3;2;2;0;0;1;0;0;1;0;0;9.99664939;53.45686998
2;2018;8;13;4;3;1;6;0;0;1;0;0;0;1;0;10.02563212;53.553230583
2;2018;8;8;3;3;2;6;0;0;1;0;0;0;0;0;10.025797305;53.552625827
2;2018;9;9;3;3;3;6;0;0;1;0;0;1;0;0;10.033180175;53.541681504
2;2018;6;14;3;3;2;6;0;1;0;0;0;0;0;0;9.843362743;53.572935029
2;2018;7;19;2;3;5;3;0;0;1;0;0;0;1;0;9.92313523;53.563824668
2;2018;11;8;4;3;4;2;0;1;1;0;0;0;0;0;10.038039285;53.560413312
2;2018;12;9;2;3;5;3;0;1;1;0;0;0;0;1;9.923112072;53.563825928
2;2018;10;11;7;3;5;3;0;1;1;0;0;0;0;0;9.91018831;53.629167364
2;2018;7;9;3;3;0;5;0;0;1;0;0;0;1;0;10.033820923;53.563607039
2;2018;8;11;5;3;4;2;0;0;1;0;0;0;0;0;9.907553298;53.617962613
2;2018;9;9;2;3;2;6;0;0;1;0;0;0;0;0;9.945944662;53.47101746
2;2018;6;16;3;3;2;6;0;0;1;0;0;0;1;0;9.916866943;53.542278371
2;2018;9;17;2;3;2;2;0;0;1;0;0;0;0;0;9.933166162;53.585066903
2;2018;11;19;7;3;4;3;2;0;1;0;0;0;0;1;9.973446208;53.549730229
2;2018;6;18;3;3;2;6;0;0;1;0;0;0;0;0;9.924971642;53.63683241
2;2018;12;10;2;3;9;1;0;0;1;0;0;0;0;1;9.986811654;53.592369098
2;2018;10;19;6;3;5;3;2;1;1;0;0;0;0;0;9.923289462;53.470652011
2;2018;7;22;2;2;4;2;2;0;1;0;1;0;0;0;9.969548442;53.583994632
2;2018;11;13;6;3;2;6;0;0;1;0;0;0;0;0;9.928221989;53.592501336
2;2018;8;14;2;3;2;6;0;0;1;0;0;0;1;1;9.86534776;53.471544035
2;2018;12;14;1;3;5;7;0;0;1;0;0;0;0;0;9.9970842;53.547534835
2;2018;10;17;3;3;3;6;2;0;1;0;0;0;0;0;9.794331404;53.580573584
2;2018;6;16;3;3;0;1;0;1;0;0;0;0;0;0;9.992595091;53.592651561
2;2018;10;23;4;3;5;7;2;0;1;0;0;0;0;1;9.966453966;53.552618894
2;2018;6;0;3;3;3;6;2;0;1;0;0;1;0;0;9.996740944;53.547513171
2;2018;7;15;6;3;0;6;0;0;1;0;1;0;0;0;9.921981507;53.601491653
2;2018;6;18;3;3;6;4;0;0;0;1;0;0;1;0;9.99856516;53.594455336
2;2018;6;20;6;3;5;3;0;0;1;0;0;0;0;1;9.838779479;53.472183141
2;2018;11;16;4;3;2;6;1;0;1;0;0;0;0;0;9.932831915;53.563591916
2;2018;12;8;2;3;3;2;2;1;1;0;0;0;0;0;9.961722659;53.559219043
2;2018;7;17;2;3;2;6;0;0;1;0;0;0;0;0;9.903458626;53.571794706
2;2018;8;20;2;2;8;1;2;0;1;0;0;0;0;1;9.821917465;53.576574662
2;2018;9;15;1;3;1;7;0;0;1;1;0;0;0;0;10.209319373;53.48781138
2;2018;6;18;2;2;3;6;0;0;1;0;0;1;1;0;9.924838921;53.436860791
2;2018;9;15;7;2;8;7;0;0;1;0;0;1;0;0;9.87956846;53.472019595
2;2018;6;11;7;3;2;6;0;0;1;0;0;0;1;0;9.941708179;53.572493598
2;2018;11;7;3;3;2;6;1;0;1;0;0;0;0;1;9.935713165;53.647172965
2;2018;12;16;5;3;2;6;2;0;1;0;0;0;0;1;9.923942176;53.519938033
2;2018;10;22;4;3;2;6;2;0;1;0;0;0;0;0;9.863758568;53.471462257
2;2018;7;11;1;3;3;6;0;0;1;0;0;0;0;0;9.899332824;53.564888633
2;2018;8;18;2;3;2;6;0;0;1;0;0;0;0;0;10.029043798;53.541613499
2;2018;9;17;6;2;2;6;0;0;1;0;0;0;0;0;9.937894362;53.576620279
2;2018;7;5;3;3;0;6;1;0;1;0;1;0;0;0;9.947985549;53.573397762
2;2018;8;8;3;3;5;3;0;1;1;0;0;0;0;0;9.994951193;53.547376369
2;2018;9;17;2;3;2;6;0;0;1;0;0;0;0;0;10.07178272;53.560545951
2;2018;6;17;2;3;2;6;0;0;1;0;0;0;1;0;10.262867865;53.472077106
2;2018;9;1;1;3;1;6;2;0;1;0;0;0;0;1;10.030846932;53.545149609
2;2018;6;14;7;3;0;2;0;0;1;0;1;0;0;0;9.849998085;53.472685397
2;2018;11;7;3;3;2;6;0;0;1;0;0;0;0;1;10.058981974;53.509250743
2;2018;12;18;6;2;5;3;2;0;1;0;0;0;0;1;9.837441062;53.573765546
2;2018;10;5;6;3;2;6;2;0;1;0;0;0;0;0;9.898944514;53.565334176
2;2018;7;16;2;3;5;2;0;0;1;0;1;0;0;0;9.907137317;53.64901513
2;2018;8;22;4;3;6;7;2;1;0;1;0;0;0;0;9.984640952;53.548126002
2;2018;9;0;1;3;2;6;2;0;1;0;0;0;0;0;9.928315734;53.59243485
2;2018;6;10;2;3;2;6;0;0;0;0;0;1;0;0;10.134689563;53.528501455
2;2018;9;13;7;3;4;2;0;0;1;0;0;0;0;0;9.924113207;53.595082174
2;2018;11;13;6;3;0;1;0;0;0;0;1;0;0;1;10.019159386;53.577095795
2;2018;6;18;2;3;3;2;0;1;1;0;0;0;0;0;9.865132157;53.571658847
2;2018;12;0;1;3;6;4;2;1;0;1;0;0;0;1;9.967929439;53.588704791
2;2018;10;16;6;3;7;1;0;1;0;0;0;0;0;0;9.968766141;53.585586426
2;2018;7;18;1;3;3;6;0;0;1;0;0;0;0;0;10.032620197;53.562344445
2;2018;11;8;5;3;2;6;0;0;1;0;0;0;0;1;10.033062143;53.542319066
2;2018;8;13;7;3;2;6;0;0;1;0;0;0;0;1;9.922063645;53.629153966
2;2018;12;14;6;3;2;6;0;0;1;0;0;0;0;0;9.935706727;53.563754131
2;2018;10;18;1;3;3;2;2;0;1;0;0;0;0;1;9.989132668;53.457345128
2;2018;6;20;2;3;2;6;1;0;1;0;0;0;0;0;9.898751845;53.565202597
2;2018;9;2;1;1;6;4;2;0;1;1;0;0;0;0;10.087298914;53.543489309
2;2018;6;8;2;3;3;6;0;1;1;0;0;1;0;0;9.946635344;53.562745858
2;2018;7;18;5;3;3;7;0;0;1;0;1;0;0;0;10.026269914;53.570928213
2;2018;6;14;3;3;4;6;0;1;0;0;0;0;0;0;10.02540765;53.571667083
2;2018;11;5;2;3;2;2;2;0;1;0;0;0;0;0;9.998744081;53.456137369
2;2018;12;8;6;3;5;3;0;0;1;0;0;0;0;0;10.002343731;53.614863664
2;2018;7;15;6;3;2;6;0;0;1;0;0;0;0;0;9.960280945;53.447624915
2;2018;8;15;1;3;2;6;0;0;1;0;0;0;0;0;10.03604983;53.496281411
2;2018;9;17;6;3;2;6;0;0;1;0;0;0;0;1;10.183663177;53.506130798
2;2018;6;14;1;2;1;6;0;0;0;0;1;0;0;0;10.027948154;53.534159677
2;2018;9;22;6;2;6;7;2;1;0;1;0;0;0;0;9.964265274;53.580251979
2;2018;6;11;6;3;3;2;0;1;1;0;0;0;0;0;10.22133866;53.487647373
2;2018;6;19;4;2;5;7;0;0;1;0;1;0;0;0;9.860586227;53.471402123
2;2018;11;6;2;3;2;6;2;0;1;0;0;0;0;1;10.213067147;53.476541504
2;2018;12;10;4;3;3;6;0;0;1;0;0;1;0;0;9.917459965;53.609407461
2;2018;10;16;4;3;9;1;0;0;1;0;0;0;0;0;9.920249322;53.604368633
2;2018;7;17;6;3;0;1;0;0;0;0;1;0;0;0;9.89740481;53.565491752
2;2018;8;12;7;3;2;2;0;0;1;0;0;0;0;0;9.845525026;53.4727493
2;2018;9;8;4;3;4;2;0;1;0;0;0;0;1;1;9.994921069;53.547374673
2;2018;8;21;5;3;4;6;2;1;0;0;1;0;0;0;9.97027792;53.584152995
2;2018;11;21;5;3;5;3;2;0;1;0;0;0;0;0;9.962285418;53.602644017
2;2018;6;20;1;3;3;2;0;0;1;0;1;0;0;0;9.931187977;53.58902829
2;2018;10;22;4;3;5;3;2;1;0;0;1;0;0;0;9.983665525;53.591495212
2;2018;6;14;7;3;2;6;0;0;1;0;0;0;1;0;9.85049054;53.472658025
2;2018;7;16;5;3;0;2;0;1;1;0;0;0;0;0;9.877076023;53.570015865
2;2018;6;11;3;3;2;6;0;0;1;0;0;0;0;0;9.753216683;53.5834327
2;2018;11;6;2;3;0;1;2;0;0;0;1;0;0;1;9.931742759;53.535278558
2;2018;8;18;3;3;5;3;0;0;1;0;0;0;0;0;9.853607906;53.572141428
2;2018;12;11;7;3;2;6;0;0;1;0;0;0;0;1;9.901140811;53.564810627
2;2018;10;19;6;3;6;6;2;1;0;1;0;0;0;1;9.954055741;53.561500703
2;2018;6;16;7;3;4;6;0;1;1;0;0;0;0;0;9.997853978;53.594385973
2;2018;8;11;6;3;2;6;0;0;1;0;1;0;0;0;9.917206345;53.610517501
2;2018;8;19;6;3;2;6;1;0;1;0;0;0;0;0;9.976895698;53.549376352
2;2018;6;1;7;2;4;2;2;0;1;0;0;0;0;0;9.924093142;53.595096658
2;2018;8;7;5;2;0;1;0;0;0;0;1;0;0;1;10.024495769;53.517115627
2;2018;11;11;6;3;0;3;0;1;0;0;0;0;1;0;9.969438854;53.584285989
2;2018;6;13;6;2;2;6;0;0;1;0;1;0;1;0;10.03907235;53.500708395
2;2018;10;16;5;3;1;5;0;1;1;0;0;0;1;0;9.959143409;53.574180192
2;2018;6;10;6;3;2;6;0;0;1;0;0;0;0;0;9.942058275;53.563466729
2;2018;7;13;6;3;2;6;0;0;1;0;0;0;0;0;10.023963417;53.469089621
2;2018;11;11;5;3;5;3;0;0;1;0;0;0;1;1;9.996711263;53.547511236
2;2018;8;11;5;3;2;6;0;0;1;0;0;0;1;0;9.928058787;53.641499788
2;2018;12;21;4;3;6;4;2;0;0;1;0;0;1;0;9.94850059;53.562349323
2;2018;10;6;7;3;2;6;2;0;1;0;0;1;0;1;9.921706466;53.439147777
2;2018;6;6;5;3;5;3;0;0;1;0;0;0;0;0;9.893978237;53.47175766
2;2018;9;17;6;3;2;6;0;0;1;0;1;0;0;1;10.021516816;53.574962301
2;2018;6;5;5;3;2;6;0;0;1;0;0;0;0;0;10.012829487;53.547848504
2;2018;7;13;4;3;6;4;0;1;0;1;0;0;0;0;10.025483736;53.542695823
2;2018;6;17;3;3;2;6;0;0;1;0;0;0;0;0;9.984042321;53.548261148
2;2018;11;11;7;3;2;6;0;0;1;0;0;0;0;0;10.001481432;53.547523975
2;2018;12;18;5;3;5;3;2;1;1;0;0;0;0;0;10.015893833;53.545654228
2;2018;7;11;5;3;2;6;0;0;1;0;0;0;0;0;9.960903259;53.425775133
2;2018;8;12;7;3;9;1;0;0;1;0;0;0;0;1;9.983910879;53.599948853
2;2018;9;18;5;3;2;6;0;0;1;0;0;0;0;0;9.842210943;53.472531051
2;2018;6;19;5;3;5;3;0;1;1;0;0;0;0;0;9.819049161;53.577017659
2;2018;9;15;4;3;5;3;0;1;0;0;0;0;0;0;9.966588219;53.594141884
2;2018;11;11;2;3;3;6;0;0;1;0;1;0;0;1;9.928067621;53.592819785
2;2018;12;17;3;3;6;4;2;0;1;1;0;0;0;0;10.024692207;53.530605047
2;2018;10;13;2;3;5;2;0;1;1;0;0;0;0;0;9.936368075;53.470982954
2;2018;7;7;5;3;2;6;0;0;1;0;0;0;0;0;10.135435626;53.52949066
2;2018;8;12;5;3;2;6;0;0;1;0;0;0;1;1;9.959468546;53.560239296
2;2018;11;14;4;3;5;3;0;1;1;0;0;0;0;0;9.969778184;53.550891784
2;2018;6;19;5;3;5;2;0;1;1;0;0;0;0;0;9.897104423;53.565543767
2;2018;10;17;2;3;4;6;1;1;0;0;0;0;0;0;10.022372288;53.574222176
2;2018;6;5;5;3;5;3;0;1;0;0;0;0;0;0;9.96920965;53.58409453
2;2018;7;18;4;3;2;6;0;0;1;0;0;0;1;1;9.95924127;53.574329607
2;2018;6;8;3;3;4;6;0;1;0;0;0;0;0;0;9.991382566;53.547196704
2;2018;11;19;7;3;3;6;2;0;1;0;0;0;1;0;9.97015908;53.550697588
2;2018;8;12;7;3;2;6;0;0;1;0;0;0;0;0;10.028734672;53.451474323
2;2018;12;16;6;3;6;2;2;0;1;1;0;0;0;1;9.865197871;53.571652259
2;2018;10;9;4;3;2;6;0;0;1;0;0;0;0;1;10.132644956;53.527721712
2;2018;6;16;5;3;5;2;0;0;1;0;1;0;0;0;9.948816082;53.562284437
2;2018;8;7;5;3;5;3;0;1;1;0;0;0;0;0;10.026572566;53.551363709
2;2018;8;13;4;3;8;7;0;0;1;0;0;0;0;0;9.927082661;53.563611388
2;2018;9;14;4;3;3;6;0;0;1;0;1;0;0;0;9.994311011;53.547340335
2;2018;6;16;4;3;5;2;0;1;0;0;0;0;1;0;9.840126045;53.472296627
2;2018;7;11;2;3;1;6;0;0;1;0;0;0;1;0;9.878519785;53.471993954
2;2018;6;17;2;3;5;3;0;1;1;0;0;0;0;0;9.845559825;53.472750243
2;2018;11;17;4;3;3;6;2;0;1;0;0;1;0;0;10.059465134;53.509239877
2;2018;12;11;3;2;0;1;0;0;0;0;1;0;0;1;9.95825619;53.647604659
2;2018;10;15;2;3;2;6;0;0;1;0;0;0;1;0;9.973679036;53.5496872
2;2018;7;10;4;3;3;2;0;1;1;0;0;0;0;0;9.948832031;53.562281361
2;2018;8;14;5;3;2;6;0;0;1;0;0;0;0;0;9.95024941;53.47076542
2;2018;9;15;3;3;2;6;0;0;1;0;0;1;0;0;9.938790118;53.648140324
2;2018;6;5;3;3;3;6;0;0;1;0;0;1;0;0;10.098045864;53.509944529
2;2018;9;13;2;3;9;7;0;0;1;0;0;0;0;0;10.022698128;53.481046296
2;2018;9;14;5;3;5;3;0;0;1;0;0;0;0;0;9.98339367;53.590218267
2;2018;6;14;3;3;0;7;0;0;1;0;0;0;0;0;10.14757521;53.481443225
2;2018;7;9;3;3;1;6;0;0;1;0;0;0;0;0;10.036037264;53.496266549
2;2018;11;16;6;3;2;6;1;0;1;0;0;0;0;0;9.91567129;53.542000975
2;2018;12;15;4;3;3;6;0;0;1;0;1;0;0;1;10.029846531;53.546425155
2;2018;10;14;2;3;2;6;0;0;1;0;1;0;0;0;10.023885437;53.572929244
2;2018;7;19;5;3;6;3;0;1;0;1;0;0;0;0;9.963651774;53.558133695
2;2018;8;16;6;3;6;4;0;0;1;1;0;0;0;0;10.033736287;53.564813653
2;2018;9;11;4;3;3;6;0;0;1;0;0;1;0;0;9.915754207;53.583692389
2;2018;6;19;3;3;5;3;0;1;1;0;0;0;0;0;9.952889784;53.613084878
2;2018;9;8;3;3;2;6;0;0;1;0;0;0;0;0;10.101143455;53.511017704
2;2018;11;18;1;3;4;2;2;0;1;0;0;0;0;1;9.908194758;53.620439873
2;2018;12;12;3;3;2;6;0;0;1;0;0;0;1;0;9.963683505;53.558107804
2;2018;10;20;2;2;4;2;2;1;1;0;0;0;0;0;9.907559662;53.617987091
2;2018;7;17;4;2;3;7;0;1;1;0;0;0;0;0;9.987372913;53.547597491
2;2018;8;11;4;3;3;2;0;1;1;0;0;0;0;0;9.945409919;53.56298433
2;2018;11;14;2;3;4;2;0;0;1;0;0;0;1;0;9.977803941;53.549361981
2;2018;6;20;3;2;5;3;0;1;1;0;0;0;0;0;9.989978423;53.605907917
2;2018;10;13;6;3;2;6;0;0;1;0;0;0;0;0;10.034486691;53.494407514
2;2018;6;10;2;3;3;6;0;0;1;0;0;1;0;0;10.026355929;53.531957831
2;2018;7;17;2;3;2;6;0;0;1;0;0;0;1;0;10.210123756;53.48755837
2;2018;6;19;2;3;5;2;0;0;1;0;0;1;0;1;9.901297319;53.470993769
2;2018;11;8;6;3;5;3;0;0;1;0;0;1;0;0;9.910473049;53.639051543
2;2018;8;13;6;3;2;6;0;0;1;0;0;0;0;0;9.956609907;53.446100672
2;2018;12;18;4;2;5;3;2;0;1;0;0;0;0;1;10.031889276;53.566347138
2;2018;10;21;4;2;3;6;2;0;1;0;0;0;0;1;9.924486996;53.63592315
2;2018;6;9;2;3;6;4;0;0;1;1;0;0;0;0;10.019445327;53.544457767
2;2018;7;8;3;3;3;6;0;1;0;0;0;0;0;0;10.027869619;53.534073501
2;2018;8;19;3;3;5;3;0;0;1;0;0;1;0;0;9.913705626;53.61995928
2;2018;9;12;2;3;9;1;0;0;1;0;0;0;0;1;9.960447707;53.425786869
2;2018;6;8;2;3;2;6;0;0;1;0;0;0;0;0;9.987964855;53.603809821
2;2018;9;19;2;3;2;6;0;0;1;0;0;0;0;0;10.12149555;53.567135166
2;2018;7;13;2;3;2;6;0;0;1;0;0;0;0;0;9.915043899;53.580541125
2;2018;11;6;4;3;2;6;2;0;1;0;0;1;0;0;9.926552494;53.639164555
2;2018;12;12;2;3;2;6;0;0;1;0;0;0;0;1;9.942827732;53.563347328
2;2018;10;22;6;3;2;6;2;0;1;0;0;0;0;0;10.032259407;53.540297671
2;2018;7;7;2;3;2;6;0;0;1;0;1;0;0;0;10.024257957;53.572631845
2;2018;8;12;4;3;0;6;0;0;1;0;1;0;0;0;9.94060291;53.471092072
2;2018;9;16;2;3;0;7;0;0;1;0;1;0;0;0;9.930777451;53.589896562
2;2018;6;14;2;3;3;6;0;1;0;0;0;0;1;0;9.93680839;53.563722303
2;2018;9;17;7;3;5;3;0;0;1;0;0;0;0;0;9.972054112;53.466725564
2;2018;11;17;6;3;4;6;2;0;1;0;0;0;1;0;9.949129993;53.44241571
2;2018;6;20;1;2;3;7;0;0;1;0;1;0;0;0;10.011070384;53.622854786
2;2018;12;17;2;3;5;3;2;1;1;0;0;0;0;1;9.988738231;53.547351077
2;2018;10;12;6;3;2;6;0;0;1;0;0;0;1;0;10.027798414;53.486782752
2;2018;7;10;1;3;2;6;0;0;1;0;0;0;1;0;10.037894722;53.498536973
2;2018;11;15;6;3;0;3;0;1;1;0;0;0;0;0;9.96684241;53.582572503
2;2018;8;10;1;3;2;6;0;0;1;0;0;0;0;0;10.074513524;53.507962617
2;2018;12;16;6;3;2;6;2;0;1;0;0;0;0;1;9.917414608;53.610170422
2;2018;10;6;3;3;4;2;2;0;1;0;0;0;0;1;9.956061183;53.57039715
2;2018;6;22;7;3;0;7;2;1;0;0;0;0;0;0;9.958936222;53.573864241
2;2018;10;17;3;3;6;6;0;1;0;1;0;0;0;1;10.026423659;53.55459789
2;2018;11;13;7;2;4;2;0;0;1;0;0;1;0;1;9.908191651;53.620427263
2;2018;12;14;2;3;5;3;0;0;1;0;0;0;0;1;9.910854362;53.632361486
2;2018;10;10;2;3;3;2;0;1;0;0;0;0;1;0;9.96451009;53.555655468
2;2018;7;16;2;3;5;3;0;0;0;0;0;0;1;0;10.030498933;53.537570351
2;2018;11;12;6;3;2;6;0;0;1;0;0;1;0;0;10.029194372;53.450819578
2;2018;8;8;3;3;3;6;0;0;1;0;0;0;0;0;10.025915044;53.551445648
2;2018;12;13;2;3;2;6;0;0;1;0;0;0;0;1;10.221171226;53.487631248
2;2018;11;18;5;3;2;6;2;0;1;0;0;0;0;0;9.983536418;53.548370095
2;2018;6;12;6;3;2;6;0;0;1;0;0;0;0;0;10.036025205;53.496252284
2;2018;10;14;5;3;8;1;0;0;1;0;0;0;0;1;9.988726902;53.64477258
2;2018;6;7;6;3;3;6;0;0;1;0;0;1;0;0;10.157384146;53.478441839
2;2018;7;18;7;3;3;6;0;0;1;0;0;0;1;0;9.924215484;53.595208958
2;2018;6;12;2;3;2;6;0;0;1;0;0;0;0;0;9.907765356;53.546113065
2;2018;11;6;4;3;4;7;2;0;1;0;0;0;1;0;9.887052088;53.472021733
2;2018;12;8;2;3;2;6;0;0;1;0;0;0;0;1;10.119445618;53.531292173
2;2018;7;9;2;3;5;3;0;1;1;0;0;0;0;0;10.026054325;53.558918079
2;2018;8;6;2;3;3;6;0;0;1;0;0;1;0;0;9.918972857;53.444749656
2;2018;9;15;2;3;2;6;0;0;1;0;0;0;0;0;9.91354144;53.619769548
2;2018;6;14;6;3;3;2;0;1;1;0;0;0;0;0;10.013201101;53.589970562
2;2018;9;11;1;3;2;6;0;0;1;0;0;0;0;0;9.933238456;53.528274248
2;2018;6;11;7;3;2;6;0;0;1;0;0;0;0;0;10.009403288;53.516412083
2;2018;11;17;3;3;2;6;2;0;1;0;0;0;1;1;10.054459985;53.551483646
2;2018;12;17;6;3;1;6;1;0;1;0;0;1;0;1;9.986097858;53.547801513
2;2018;10;15;5;3;2;6;0;0;1;0;0;0;0;0;9.845473667;53.472747908
2;2018;7;20;1;3;2;6;0;0;1;0;1;0;0;0;9.996598867;53.456883441
2;2018;8;8;3;3;1;6;0;0;1;0;0;0;0;0;9.842882846;53.57298552
2;2018;9;9;7;3;5;3;0;1;1;0;0;0;0;0;9.842475402;53.472557293
2;2018;6;10;6;3;5;7;0;0;1;0;0;0;0;0;9.855991957;53.572041653
2;2018;8;10;6;3;2;6;0;0;1;0;0;0;0;0;9.916562399;53.589781828
2;2018;11;19;6;3;3;2;2;1;0;0;0;0;1;1;9.898811349;53.565189756
2;2018;6;19;6;3;5;3;0;1;1;0;0;0;0;0;9.950295548;53.572661273
2;2018;10;13;5;3;2;6;0;0;1;0;0;0;1;0;10.132808793;53.527482084
2;2018;7;19;7;3;8;1;0;0;1;0;0;0;1;0;10.063251559;53.509297418