ULAND;UJAHR;UMONAT;USTUNDE;UWOCHENTAG;UKATEGORIE;UART;UTYP1;ULICHTVERH;IstRad;IstPKW;IstFuss;IstKrad;IstGkfz;IstSonstig;STRZUSTAND;XGCSWGS84;YGCSWGS84
2;2018;11;11;5;3;2;6;0;0;0;0;0;1;0;0;9.917846229;53.542156097
2;2018;8;10;5;3;2;6;0;0;1;0;0;0;0;0;10.025802183;53.552680531
2;2018;12;11;4;3;2;6;0;0;1;0;0;0;1;1;10.03421815;53.494085258
2;2018;10;11;1;3;4;6;0;0;1;0;0;0;0;0;9.923942652;53.595382167
2;2018;6;19;6;3;4;6;0;1;0;0;0;0;0;0;9.976665195;53.549386757
2;2018;9;13;7;3;2;6;0;0;1;0;0;0;0;0;9.961032131;53.469782001
2;2018;5;15;5;3;2;6;0;0;1;0;0;0;1;0;10.025280743;53.464581763
2;2018;7;15;4;3;1;7;0;0;0;0;1;1;0;0;9.9641868;53.42380424
2;2018;6;16;2;3;5;3;0;1;1;0;0;0;0;0;9.944316315;53.572878414
2;2018;11;12;2;3;5;2;0;1;1;0;0;0;0;0;9.842906296;53.572982603
2;2018;12;12;6;3;5;3;0;1;1;0;0;0;0;0;9.821474046;53.576640267
2;2018;7;7;6;2;3;6;0;0;0;0;1;1;0;0;10.147521641;53.545184139
2;2018;8;11;7;3;2;6;0;0;1;0;0;0;0;0;10.036242764;53.496509616
2;2018;9;10;6;3;2;6;0;0;1;0;0;0;0;0;9.89890029;53.562236426
2;2018;5;13;5;3;2;6;0;0;1;0;0;0;0;0;9.963155057;53.600660723
2;2018;9;12;5;2;3;2;0;1;0;0;0;1;0;0;9.854527817;53.572046382
2;2018;11;13;2;3;4;2;0;0;1;0;0;0;0;1;10.040736978;53.552593402
2;2018;5;11;5;3;1;5;0;1;1;0;0;0;0;0;9.977720031;53.587639136
2;2018;7;17;5;3;2;6;0;0;1;0;0;1;0;0;10.020056672;53.517591287
2;2018;6;9;2;3;5;2;0;1;0;0;0;0;1;0;9.983921732;53.599595888
2;2018;11;12;3;3;3;6;0;0;1;0;0;1;0;0;9.920234748;53.604389494
2;2018;12;11;7;3;3;2;0;1;1;0;0;0;0;0;9.854028899;53.572097369
2;2018;7;13;1;3;8;1;0;0;1;0;0;0;0;0;9.954738193;53.42775382
2;2018;8;18;2;3;2;6;1;0;1;0;0;0;0;1;9.957854794;53.647564106
2;2018;9;16;7;3;2;6;0;0;1;0;0;0;0;1;9.904768336;53.470898707
2;2018;5;15;4;3;3;6;0;0;0;0;1;1;0;0;9.988851216;53.457605746
2;2018;9;17;7;3;2;6;0;0;1;0;0;0;0;0;9.951263123;53.572102612
2;2018;6;11;6;3;2;6;0;0;1;0;0;0;1;0;10.03811886;53.498857416
2;2018;11;17;2;3;0;6;2;0;1;0;1;0;0;1;9.835959099;53.471916727
2;2018;12;7;5;3;2;6;1;0;1;0;0;0;1;1;9.930642126;53.652823115
2;2018;10;20;4;3;2;6;2;0;1;0;0;0;0;0;9.973421065;53.466289039
2;2018;7;20;6;3;5;2;1;0;1;0;0;0;1;0;10.021856604;53.543398746
2;2018;8;16;2;2;2;7;0;0;1;0;1;0;0;0;9.965435903;53.581245332
2;2018;9;7;4;3;2;6;0;0;1;0;0;0;1;1;10.025615454;53.551857426
2;2018;5;21;4;3;3;6;1;0;1;0;0;0;0;0;9.941710366;53.622195309
2;2018;8;8;5;3;2;6;0;0;1;0;0;0;0;1;9.795579735;53.580482017
2;2018;11;4;6;3;5;3;2;0;1;0;0;0;0;0;9.969939509;53.550821178
2;2018;5;9;4;3;0;7;0;0;0;0;1;0;0;0;9.910899773;53.632625152
2;2018;10;13;4;3;3;6;0;0;1;0;0;1;0;0;10.149326387;53.549141355
2;2018;5;8;4;3;3;7;0;0;1;0;0;0;1;0;9.968705199;53.585758961
2;2018;7;18;6;3;2;6;0;0;1;0;0;0;0;0;9.928275378;53.592463472
2;2018;6;19;2;3;0;1;0;0;0;0;1;0;0;1;9.983894012;53.600393632
2;2018;11;11;4;3;9;1;0;0;0;0;0;1;0;0;9.900758433;53.548612195
2;2018;8;7;4;3;6;2;0;0;1;1;0;0;0;0;9.863140409;53.471439593
2;2018;12;15;2;3;3;6;0;0;1;0;0;0;0;0;10.01090955;53.622561164
2;2018;10;23;7;3;4;6;2;0;1;0;0;0;0;1;9.983886248;53.600258942
2;2018;5;15;4;3;3;2;0;0;0;0;0;0;1;0;9.989184852;53.593033671
2;2018;8;10;7;3;1;6;0;0;1;0;0;0;0;0;9.897690551;53.553866272
2;2018;9;12;5;3;5;3;0;1;0;0;0;0;1;0;9.839933206;53.47227724
2;2018;5;12;4;3;3;2;0;1;1;0;0;0;0;0;9.965857514;53.553111415
2;2018;7;19;4;3;2;6;0;0;1;0;1;0;0;0;9.939372813;53.563637512
2;2018;6;12;2;3;3;6;0;0;1;0;0;0;1;0;9.958163719;53.56062564
2;2018;11;10;6;3;2;6;0;0;1;0;0;0;0;0;10.180244901;53.507578986
2;2018;12;16;5;3;5;3;2;0;1;0;0;0;1;0;9.84957112;53.572663814
2;2018;6;8;4;3;5;3;0;1;1;0;0;0;0;0;9.975029072;53.549489584
2;2018;10;14;4;3;3;2;0;1;1;0;0;0;0;0;9.968539613;53.586225683
2;2018;7;16;5;3;2;6;0;0;1;0;1;0;0;0;10.059257373;53.509386679
2;2018;8;17;6;2;3;6;0;0;1;0;1;0;0;0;9.932413564;53.431236494
2;2018;9;8;5;3;4;6;0;1;0;0;0;0;0;0;9.960190593;53.575566796
2;2018;5;19;4;3;3;2;0;1;1;0;0;0;0;0;9.986244664;53.547774685
2;2018;9;15;3;3;3;6;0;0;1;0;0;1;0;0;9.918972114;53.444754944
2;2018;11;17;2;3;4;2;0;0;1;0;0;0;0;1;9.908191721;53.620427547
2;2018;12;21;3;3;9;1;2;0;1;0;0;0;0;1;9.999933321;53.613167935
2;2018;10;17;2;3;5;3;0;1;1;0;0;0;0;0;10.202226353;53.491253305
2;2018;7;6;5;3;0;1;0;1;0;0;0;0;0;0;10.017539909;53.586577218
2;2018;8;18;4;3;2;6;0;0;1;0;0;0;0;0;10.130609315;53.528097279
2;2018;11;10;2;3;2;6;0;0;1;0;0;0;0;0;9.966811561;53.468376909
2;2018;5;18;3;3;2;6;0;0;1;0;0;0;1;1;9.901590498;53.470972124
2;2018;10;12;7;3;2;6;0;0;1;0;0;0;0;0;9.984468571;53.601162627
2;2018;5;13;3;3;2;6;0;0;1;0;0;0;0;0;10.02209831;53.543307963
2;2018;7;6;3;3;5;3;0;0;1;0;0;0;0;1;9.897064067;53.555825689
2;2018;6;10;1;2;9;1;0;0;0;0;1;0;0;1;10.208728672;53.475830482
2;2018;12;20;4;3;5;3;2;0;1;0;0;0;0;0;9.901476284;53.564817417
2;2018;10;21;4;3;4;6;2;1;0;0;0;0;0;0;9.930862303;53.563448998
2;2018;7;15;6;3;5;2;0;1;1;0;0;0;0;0;9.969890754;53.550842517
2;2018;9;7;3;3;1;6;0;0;1;0;0;0;0;1;10.204932677;53.488247879
2;2018;8;12;5;3;2;6;0;0;1;0;0;0;0;1;9.968295949;53.586988177
2;2018;11;18;4;3;6;4;2;0;1;1;0;0;0;0;10.167145805;53.514392818
2;2018;5;6;3;3;2;6;0;0;1;0;0;1;0;0;9.912583068;53.617337632
2;2018;10;9;3;3;0;3;0;1;0;0;1;0;0;0;10.024929359;53.572076902
2;2018;5;18;3;3;4;2;0;1;1;0;0;0;0;0;9.933747728;53.58328742
2;2018;7;21;4;3;2;2;1;0;1;0;0;0;0;1;10.022081133;53.543524388
2;2018;6;13;1;3;3;6;0;0;1;0;0;0;0;0;10.032262941;53.543333564
2;2018;11;16;7;3;3;6;2;0;1;0;0;0;0;1;10.079381699;53.508538148
2;2018;8;17;2;3;5;3;0;1;1;0;0;0;0;0;9.938000731;53.57649939
2;2018;12;7;6;3;4;2;2;0;1;0;0;0;0;1;9.901198842;53.471003641
2;2018;10;18;5;2;6;4;1;0;1;1;0;0;0;0;10.018722947;53.584658389
2;2018;5;17;3;2;3;6;0;0;1;0;0;1;0;0;9.919461153;53.605510506
2;2018;8;7;6;3;5;3;0;1;0;0;0;0;0;0;9.956264082;53.570536933
2;2018;8;15;5;3;1;6;0;0;1;0;0;0;0;0;9.927037484;53.563613944
2;2018;9;13;4;3;2;6;0;0;0;0;0;0;1;0;9.943179428;53.471150162
2;2018;5;13;3;3;5;3;0;0;1;0;0;0;1;0;9.936769487;53.577951679
2;2018;7;13;3;3;2;6;0;0;1;0;0;0;1;0;9.913522736;53.619747233
2;2018;6;0;1;3;9;1;2;0;1;0;0;0;0;1;10.012715133;53.547699937
2;2018;11;16;5;3;2;2;1;0;1;0;0;0;0;0;9.888616689;53.471947232
2;2018;12;17;3;3;2;2;2;0;1;0;0;0;0;0;9.932325009;53.586754172
2;2018;10;16;2;3;5;3;0;1;1;0;0;0;0;0;9.926244815;53.563668335
2;2018;7;18;4;3;3;2;0;1;1;0;0;0;0;1;10.034626313;53.56403863
2;2018;8;15;6;3;2;6;0;0;1;0;0;0;1;1;9.889066162;53.56771595
2;2018;9;15;4;3;8;1;0;1;1;0;0;0;0;0;9.950234157;53.61764495
2;2018;5;16;2;3;5;2;0;0;1;0;0;0;1;0;9.826650758;53.470983312
2;2018;9;19;3;3;3;2;1;1;1;0;0;0;0;0;9.986781225;53.603313988
2;2018;11;11;7;3;2;6;0;0;1;0;1;0;0;1;10.00334727;53.592315627
2;2018;12;17;2;3;2;6;2;0;1;0;0;1;0;1;9.937857588;53.471020139
2;2018;6;8;6;3;2;6;0;0;1;0;1;0;0;1;9.997759982;53.594378643
2;2018;10;19;2;3;5;3;2;0;1;0;0;0;0;0;9.914869874;53.564796857
2;2018;7;12;2;3;0;1;0;0;0;0;1;0;0;0;9.873150848;53.47182104
2;2018;8;12;3;3;2;6;0;0;1;0;0;0;0;0;10.058414577;53.509403805
2;2018;11;7;6;3;5;2;0;1;1;0;0;0;0;0;9.969956655;53.584076513
2;2018;5;11;2;3;3;6;0;0;1;0;0;1;0;0;10.159173006;53.560472827
2;2018;10;10;6;3;5;3;0;1;1;0;0;0;0;0;10.019166698;53.58050394
2;2018;5;11;1;3;6;4;0;0;1;1;0;0;0;0;9.996697078;53.456857276
2;2018;7;13;1;2;2;6;0;0;1;0;0;0;0;0;9.918747943;53.591560997
2;2018;6;6;1;3;4;2;1;0;1;0;0;0;0;1;9.935873074;53.579035147
2;2018;11;16;5;3;6;3;2;1;0;1;0;0;0;0;10.028309343;53.569272407
2;2018;12;15;4;3;2;6;0;0;1;0;0;0;1;1;9.949924546;53.572863606
2;2018;7;13;3;3;2;6;0;0;1;0;0;0;0;0;9.951890633;53.613837248
2;2018;8;19;3;3;1;6;0;0;1;0;0;0;0;0;9.934121277;53.627461198
2;2018;9;2;2;3;2;6;2;0;1;0;0;0;0;1;10.089981597;53.507773933
2;2018;5;12;1;3;3;6;0;0;1;0;1;0;0;0;10.025979973;53.551359405
2;2018;9;15;2;3;3;6;0;0;1;0;0;1;0;0;9.974543273;53.549546689
2;2018;7;15;1;3;2;6;0;0;1;0;0;0;0;0;9.95558229;53.570503435
2;2018;6;6;1;3;0;6;0;0;1;0;0;0;1;1;9.906063139;53.57459178
2;2018;11;14;3;3;2;6;0;0;1;0;0;0;0;1;9.941245173;53.471110569
2;2018;12;22;6;3;2;6;2;0;1;0;0;0;0;1;10.015283019;53.546255866
2;2018;10;15;6;3;5;2;0;1;1;0;0;0;0;0;9.777263834;53.580500701
2;2018;11;11;6;3;5;3;0;1;1;0;0;0;0;0;10.028771422;53.547796906
2;2018;8;11;7;3;5;6;0;0;1;0;1;0;0;0;9.908107786;53.646019975
2;2018;12;18;5;3;4;6;2;1;0;0;0;0;0;1;9.942573907;53.572710446
2;2018;10;4;4;3;4;2;2;0;1;0;0;0;0;1;9.907557913;53.617980365
2;2018;5;19;7;3;2;6;0;0;1;0;0;0;1;0;10.076487662;53.507457921
2;2018;8;16;5;3;2;6;0;0;1;0;0;0;0;0;9.899057966;53.565146152
2;2018;8;15;3;3;8;7;0;0;1;0;0;0;0;0;10.152785245;53.555481914
2;2018;9;14;3;3;3;6;0;0;1;0;0;1;0;0;10.025593228;53.552127662
2;2018;5;5;7;3;5;3;1;0;1;0;0;0;0;0;9.965840663;53.553126742
2;2018;7;12;2;3;2;6;0;0;1;0;0;0;0;0;9.739826879;53.585034212
2;2018;6;3;1;3;1;5;2;0;0;0;0;0;1;1;9.949558538;53.573046269
2;2018;11;6;4;3;2;6;1;0;1;0;0;0;1;0;10.128924462;53.528422658
2;2018;12;7;2;3;5;2;1;1;1;0;0;0;0;1;10.019798296;53.581503089
2;2018;10;16;7;3;2;6;0;0;1;0;0;0;0;0;9.918420041;53.607831233
2;2018;7;14;3;3;5;3;0;1;0;0;0;0;1;0;10.202256196;53.491238733
2;2018;8;18;5;3;3;6;0;0;1;0;0;0;0;0;10.166206168;53.514766272
2;2018;9;15;2;3;5;3;0;1;1;0;0;0;0;0;9.838774215;53.472182727
2;2018;5;13;6;3;5;3;0;0;1;0;0;0;0;0;9.935430201;53.470958771
2;2018;9;8;2;2;3;2;0;1;1;0;0;0;0;0;10.031591253;53.539441937
2;2018;11;11;7;3;6;4;0;0;1;1;0;0;0;0;9.992308883;53.592653252
2;2018;12;22;2;3;5;3;2;0;1;0;0;0;0;1;9.98749176;53.60325525
2;2018;10;16;7;3;2;6;0;0;1;0;0;0;0;0;9.932230408;53.586940948
2;2018;7;14;2;3;1;2;0;0;1;0;0;1;0;0;9.931244575;53.629172491
2;2018;11;14;6;3;2;6;0;0;1;0;0;0;1;0;9.932115298;53.587177284
2;2018;8;15;3;3;4;6;0;1;0;0;0;0;0;0;9.983056942;53.548464949
2;2018;12;17;1;3;1;5;2;0;1;0;0;0;1;1;9.939260137;53.575060573
2;2018;10;6;3;3;2;6;1;0;1;0;0;0;0;1;10.023568837;53.472357967
2;2018;5;17;6;2;4;2;0;1;1;0;1;0;0;0;10.009602682;53.590849525
2;2018;10;8;5;3;5;3;0;1;1;0;0;0;0;1;9.984162422;53.600859439
2;2018;5;16;6;3;1;7;0;0;1;0;0;0;0;0;10.020118472;53.576194451
2;2018;7;9;7;2;5;3;0;1;1;0;0;0;0;0;9.961972998;53.603518466
2;2018;6;17;7;3;2;6;0;0;1;0;0;0;0;1;10.026008171;53.551318095
2;2018;11;7;4;3;0;6;1;0;1;0;1;0;0;1;9.798679445;53.580058155
2;2018;12;16;2;2;4;2;2;0;1;0;0;0;0;1;9.983896081;53.592332246
2;2018;7;19;2;3;2;6;0;0;1;0;0;0;0;0;9.900020142;53.565571569
2;2018;8;19;2;3;1;6;1;0;1;0;0;0;0;1;10.022439513;53.574164699
2;2018;9;9;2;3;0;6;0;0;0;0;1;0;1;0;9.942745028;53.572707
2;2018;5;16;6;3;3;2;0;0;1;0;1;0;0;0;9.871951461;53.571107816
2;2018;9;17;1;3;0;3;0;1;1;0;0;0;0;0;9.955604631;53.570498596
2;2018;6;16;7;3;2;6;0;0;1;0;0;0;0;0;9.879710858;53.568966485
2;2018;11;5;3;3;2;6;1;0;1;0;0;0;0;0;9.948091059;53.649523238
2;2018;12;16;5;3;5;2;2;1;1;0;0;0;0;0;10.032994247;53.562739835
2;2018;10;0;5;3;3;6;2;0;1;0;0;1;0;0;10.058907256;53.509252423
2;2018;7;14;1;3;3;2;0;0;1;0;1;0;0;0;10.062605748;53.550480239
2;2018;8;13;2;3;6;3;0;1;0;1;0;0;0;0;9.889567554;53.471910198
2;2018;9;12;6;3;3;6;0;0;1;0;1;0;0;0;9.933542131;53.646542513
2;2018;5;3;6;2;8;1;2;0;1;0;0;0;0;0;9.983920105;53.599708593
2;2018;8;19;6;3;2;6;0;0;1;0;0;0;0;0;9.916867362;53.542278196
2;2018;11;13;6;3;0;7;0;0;0;0;1;0;0;1;9.956151475;53.611387611
2;2018;5;22;6;3;5;3;2;0;1;0;1;0;0;0;9.983938233;53.592492836
2;2018;10;9;5;2;2;6;0;0;0;0;1;1;0;0;9.878755;53.569321484
2;2018;7;13;6;3;2;6;0;0;1;0;0;0;0;0;10.023966155;53.469076646
2;2018;11;8;5;3;5;2;0;1;1;0;0;0;0;1;9.963624282;53.579399194
2;2018;7;19;2;3;5;3;0;1;1;0;0;0;0;0;9.936607374;53.626505996
2;2018;8;9;4;3;3;6;0;0;1;0;1;0;0;0;9.898625128;53.565392137
2;2018;9;9;2;2;3;6;0;0;1;0;1;0;0;0;9.908578331;53.576075621
2;2018;5;18;5;3;3;6;0;0;1;0;0;0;0;0;9.871653247;53.471766733
2;2018;9;18;7;2;5;7;0;0;1;0;1;0;0;0;10.000232131;53.593851767
2;2018;11;12;6;3;2;6;0;0;1;0;1;0;0;1;9.999566352;53.594529493
2;2018;5;16;5;3;2;6;0;0;1;0;0;0;0;0;10.024043387;53.47017807
2;2018;12;20;1;3;3;6;2;0;1;0;0;0;1;1;9.931990688;53.527171629
2;2018;10;22;6;3;8;1;2;0;1;1;0;0;0;0;9.937655266;53.576897122
2;2018;7;15;1;3;0;6;0;0;1;0;0;0;1;0;10.028656191;53.560065865
2;2018;11;13;5;3;0;1;0;0;0;0;1;0;0;1;9.839427584;53.472235012
2;2018;8;15;7;3;5;3;0;0;1;0;0;0;0;1;9.999912065;53.594434236
2;2018;12;23;6;3;2;1;2;0;1;0;0;0;0;1;9.992735132;53.592682535
2;2018;10;10;2;2;6;4;0;0;0;1;0;0;1;0;10.003507435;53.59227702
2;2018;5;12;5;3;2;6;0;0;1;0;0;0;0;0;9.988049055;53.458464165
2;2018;9;13;1;3;0;1;0;0;0;0;1;0;0;0;10.015949905;53.517527515
2;2018;5;17;5;3;2;6;0;0;1;0;0;0;0;0;10.027441784;53.569955489
2;2018;7;12;5;3;5;2;0;1;0;0;0;0;1;0;10.017565791;53.586540726
2;2018;6;16;7;3;3;6;0;0;1;0;0;0;0;1;10.007953174;53.591237288
2;2018;11;17;2;3;2;6;2;0;1;0;0;0;0;0;9.888278966;53.471962733
2;2018;12;17;6;3;1;6;2;0;1;0;0;0;0;1;10.166237141;53.514754042
2;2018;7;18;7;3;2;6;0;0;1;0;0;0;0;0;9.870272393;53.47171909
2;2018;8;13;1;3;2;6;0;0;1;0;0;0;0;0;10.027079278;53.457250465
2;2018;9;17;7;3;5;3;0;0;1;0;0;0;0;0;10.026240056;53.55706245
2;2018;5;19;5;3;4;2;0;0;1;0;0;0;0;0;9.7488688;53.584456887
2;2018;9;23;6;2;2;6;2;0;1;0;0;0;1;0;10.100742621;53.493469552
2;2018;6;18;6;3;2;6;0;0;1;0;1;0;0;0;10.181780422;53.506955492
2;2018;6;16;4;3;2;6;0;0;1;0;0;0;0;0;9.921828727;53.563899109
2;2018;11;18;2;3;2;2;2;0;1;0;0;0;0;1;9.948246695;53.442033569
2;2018;12;13;4;3;2;6;0;0;1;0;0;0;0;0;10.053620485;53.55158066
2;2018;10;9;4;3;3;6;0;0;1;0;0;1;0;0;9.917130079;53.610032804
2;2018;7;9;6;3;5;7;0;0;1;0;0;0;0;0;10.019120164;53.580394996
2;2018;8;4;1;3;2;6;1;0;1;0;0;0;0;0;9.927318628;53.64016163
2;2018;9;10;4;2;0;1;0;0;0;0;1;0;0;1;9.976627757;53.587300743
2;2018;8;13;5;3;2;6;0;0;1;0;1;0;0;1;9.898355459;53.559981147
2;2018;11;16;5;3;5;3;0;1;1;0;0;0;0;0;9.949974721;53.617787314
2;2018;5;9;5;3;3;6;0;0;1;0;0;1;0;0;9.933247486;53.53262077
2;2018;10;7;4;3;2;6;0;0;1;0;0;0;0;0;9.93043464;53.646594153
2;2018;5;17;5;3;2;7;0;0;1;0;1;0;0;0;9.944989514;53.563745643
2;2018;7;10;5;3;1;3;0;1;1;0;0;0;0;0;10.025580223;53.551934704
2;2018;6;19;7;3;0;7;0;0;0;0;1;0;1;1;9.909017155;53.623867786
2;2018;11;11;2;3;2;6;0;0;1;0;0;0;0;0;9.90113547;53.471010712
2;2018;8;7;4;2;5;3;0;1;1;0;0;0;0;0;9.945460055;53.44082037
2;2018;12;20;7;3;2;6;2;0;1;0;0;0;0;1;10.049241593;53.552101851
2;2018;10;7;6;3;2;6;1;0;1;0;0;0;1;0;10.008074583;53.618447185
2;2018;5;11;5;3;1;7;0;0;1;0;1;0;0;0;9.968001769;53.551650644
2;2018;8;7;6;3;5;2;0;1;1;0;0;0;0;0;10.038992184;53.559043129
2;2018;8;18;6;3;1;6;0;0;1;0;1;0;0;0;9.912004242;53.565542089
2;2018;9;14;5;3;2;6;0;0;1;0;0;1;0;0;9.908834557;53.617818947
2;2018;5;16;4;3;4;2;0;0;1;0;0;0;0;0;10.16821404;53.513961938
2;2018;7;12;3;3;3;6;0;0;1;0;0;1;0;0;9.941232904;53.471110198
2;2018;6;15;7;3;3;6;0;0;1;0;1;0;0;0;9.993176786;53.547269301
2;2018;11;6;6;3;4;2;2;0;1;0;1;0;0;0;9.924071749;53.5951121
2;2018;12;18;4;3;3;6;2;0;1;0;0;1;0;1;10.079804217;53.507306837
2;2018;10;7;2;3;8;1;1;0;1;0;0;0;0;1;10.009840304;53.625347425
2;2018;7;11;5;3;0;7;0;1;0;0;0;0;0;0;10.077706321;53.714343934
2;2018;8;17;6;3;3;6;0;0;1;0;0;0;0;0;10.102682657;53.538316212
2;2018;8;6;5;2;2;6;0;0;0;0;1;1;0;0;9.927181776;53.538201803
2;2018;12;1;4;3;8;1;2;0;1;0;0;0;0;1;9.975357579;53.645803718
2;2018;10;6;7;3;7;7;2;0;1;0;0;0;0;1;9.923277001;53.437903894
2;2018;5;16;4;3;3;6;0;0;1;0;0;1;0;0;10.033121908;53.540314834
2;2018;9;23;7;3;5;3;2;0;1;0;1;0;0;0;9.973345016;53.549746887
2;2018;5;11;4;3;2;6;0;0;1;0;0;0;0;0;10.031842861;53.56638563
2;2018;7;10;4;3;0;7;0;0;1;0;0;0;0;0;9.947104054;53.441535928
2;2018;11;20;7;3;6;4;2;0;1;1;0;0;0;0;9.948974783;53.562255763
2;2018;12;22;5;3;9;1;2;0;1;0;0;0;0;0;9.901200008;53.471003524
2;2018;7;7;6;3;5;2;0;1;1;0;0;0;0;0;9.948453723;53.562359503
2;2018;8;20;7;3;3;6;0;0;1;0;0;0;0;0;10.0141515;53.589596296
2;2018;9;8;6;3;9;7;0;0;1;0;0;0;0;0;9.983346229;53.548406786
2;2018;5;19;4;3;0;5;0;1;1;0;0;0;0;0;9.927982899;53.563549741
2;2018;9;17;4;3;2;6;0;0;1;0;0;1;0;0;9.936081463;53.647392696
2;2018;11;4;2;3;5;3;2;0;1;0;0;0;0;1;10.022569442;53.574053739
2;2018;12;7;3;3;3;6;1;0;1;0;0;0;1;0;9.900783136;53.471057572
2;2018;10;13;3;3;2;6;0;0;1;0;0;0;0;0;9.923516859;53.633566667
2;2018;7;15;5;3;2;6;0;0;1;0;0;0;0;0;10.125090477;53.484991466
2;2018;8;19;5;3;2;6;1;0;1;0;1;0;0;0;9.983928398;53.594939808
2;2018;11;7;4;3;5;3;0;1;1;0;0;0;0;0;9.986831067;53.592380092
2;2018;5;13;4;3;4;3;0;0;1;0;0;0;0;0;9.92474808;53.633349194
2;2018;10;20;2;3;4;2;2;0;1;0;0;0;0;0;9.992879923;53.457559103
2;2018;5;17;4;3;0;7;0;1;0;0;0;0;0;0;9.986889938;53.60340705
2;2018;7;21;4;3;5;3;2;0;1;0;0;0;0;1;9.907537407;53.617901507
2;2018;11;19;7;3;3;6;2;0;1;0;0;1;0;0;9.917073863;53.610137267
2;2018;8;16;1;3;4;6;0;0;1;0;0;0;0;0;10.159759101;53.516906421
2;2018;12;21;6;3;8;1;2;0;1;0;0;0;0;1;10.032081197;53.491920721
2;2018;10;10;5;3;3;6;0;1;0;0;0;0;0;1;9.977016817;53.549370884
2;2018;5;7;4;3;3;2;0;1;1;0;0;0;0;0;9.961040312;53.559633043
2;2018;8;16;5;3;2;6;0;0;1;0;0;0;1;0;10.028266271;53.54844636
2;2018;8;7;5;3;2;6;0;0;1;0;0;0;0;0;10.000167115;53.547643979
2;2018;9;19;4;3;2;6;2;0;1;0;0;0;0;0;9.852028147;53.572346004
2;2018;5;14;3;3;3;6;0;0;1;0;0;1;0;0;10.203100318;53.4906093
2;2018;7;9;3;3;4;3;0;1;1;0;0;0;0;0;9.950222124;53.617655034
2;2018;11;18;4;3;5;3;2;1;1;0;0;0;0;0;9.853269736;53.472565973
2;2018;12;12;3;3;5;3;0;0;1;0;0;0;0;0;9.909657823;53.641481075
2;2018;10;13;2;3;2;6;0;0;1;0;0;0;0;0;9.930143223;53.645190678
2;2018;7;16;4;3;3;2;0;1;1;0;0;0;0;0;9.957334883;53.571814206
2;2018;8;12;6;3;2;6;0;0;1;0;0;0;0;0;9.964329666;53.599470138
2;2018;9;17;3;2;2;6;0;0;1;0;0;1;0;0;9.92326562;53.470651423
2;2018;5;14;3;3;5;1;0;1;1;0;0;0;0;0;9.944624141;53.572786499
2;2018;9;17;2;3;0;6;0;0;1;0;0;0;1;0;10.036514665;53.507964986
2;2018;11;18;7;3;3;6;1;0;1;0;0;0;0;1;9.911984651;53.565547498
2;2018;12;4;2;3;8;1;2;0;1;0;0;0;0;1;9.921122466;53.517678401
2;2018;10;16;2;3;6;2;0;0;0;1;0;0;1;0;9.969489666;53.584214916
2;2018;7;16;2;3;1;6;0;0;1;0;0;0;0;0;9.963862153;53.469282899
2;2018;8;1;3;3;5;3;2;0;1;0;0;0;0;0;10.031883787;53.540173259
2;2018;12;15;2;2;1;5;0;0;1;0;0;0;0;1;9.946362812;53.47099354
2;2018;9;16;4;3;2;6;0;0;1;0;0;0;0;0;10.023929916;53.522539234
2;2018;5;18;3;3;5;7;0;0;1;0;0;0;1;0;9.990973168;53.593032967
2;2018;9;12;3;3;2;6;0;0;1;0;0;0;0;0;9.988863214;53.457537468
2;2018;11;15;2;3;1;6;0;0;1;0;0;0;1;1;9.983923927;53.597565184
2;2018;12;9;3;3;5;3;0;1;1;0;0;0;0;0;9.938666467;53.575731683
2;2018;10;13;2;3;5;3;0;1;1;0;0;0;0;0;9.932736837;53.585925872
2;2018;7;15;4;3;5;3;0;0;1;0;0;0;1;0;9.923317419;53.4706527
2;2018;8;8;4;3;4;3;0;0;1;0;0;0;0;0;9.924076939;53.595108355
2;2018;11;17;2;3;2;6;0;0;1;0;0;0;1;0;9.949293903;53.573177771
2;2018;5;17;3;3;6;4;0;1;0;1;0;0;0;0;9.959462355;53.574695087
2;2018;10;15;6;3;2;6;0;0;1;0;0;0;0;0;9.957218465;53.470298643
2;2018;5;15;3;3;5;2;0;1;1;0;0;0;0;0;9.994034441;53.547324766
2;2018;7;16;2;3;3;6;0;0;1;0;0;1;0;0;10.022659002;53.526922984
2;2018;11;15;6;3;2;6;0;0;1;0;0;0;0;0;9.920315936;53.563981474
2;2018;8;13;7;3;6;4;0;0;1;1;1;0;0;0;9.966139333;53.58175852