ULAND;UJAHR;UMONAT;USTUNDE;UWOCHENTAG;UKATEGORIE;UART;UTYP1;ULICHTVERH;IstRad;IstPKW;IstFuss;IstKrad;IstGkfz;IstSonstig;STRZUSTAND;XGCSWGS84;YGCSWGS84
2;2018;2;12;4;3;4;2;0;1;1;0;0;0;0;0;9.997207209;53.602015547
2;2018;1;19;5;3;2;2;2;0;1;0;0;0;0;0;10.210588806;53.487266846
2;2018;2;13;2;2;6;7;0;1;0;1;0;0;0;0;9.854792308;53.467641384
2;2018;1;4;5;3;8;1;2;0;1;0;0;0;0;1;10.120792086;53.531782928
2;2018;2;15;6;3;4;6;0;0;1;0;1;0;0;0;10.014362934;53.497145089
2;2018;2;18;1;3;4;7;2;0;1;0;0;0;0;1;10.069291173;53.563958302
2;2018;2;20;5;3;0;2;2;0;1;0;1;0;0;0;10.091905149;53.673497995
2;2018;1;16;5;3;5;3;1;0;1;0;0;0;1;0;10.067459588;53.529385132
2;2018;2;6;5;3;3;2;2;1;1;0;0;0;0;0;10.15381885;53.614588219
2;2018;1;7;4;3;4;2;0;1;1;0;0;0;0;1;9.965724669;53.565663175
2;2018;2;19;4;3;2;2;2;0;1;0;0;0;0;0;10.001178971;53.555605624
2;2018;1;11;5;3;3;2;0;1;1;0;0;0;0;0;10.172580706;53.607000044
2;2018;2;14;4;2;6;7;0;0;1;1;0;0;0;0;9.972469513;53.60614159
2;2018;1;16;5;3;3;6;2;0;1;0;0;0;1;0;10.157951158;53.614068028
2;2018;2;8;2;3;1;5;0;0;1;0;0;0;0;1;9.887123997;53.620291688
2;2018;1;8;5;3;3;6;0;0;1;0;0;1;0;0;9.927958969;53.592896075
2;2018;2;8;6;3;2;6;0;0;1;0;0;1;0;1;10.012377552;53.498656385
2;2018;2;22;7;3;5;3;2;0;1;0;0;0;0;0;9.965502653;53.463387951
2;2018;2;11;5;3;3;6;0;0;1;0;0;1;0;0;9.869415691;53.594228634
2;2018;1;17;5;3;5;3;2;1;1;0;0;0;0;0;9.865060757;53.557963281
2;2018;1;7;3;3;2;7;0;1;1;0;0;0;0;1;10.224768366;53.492032332
2;2018;2;13;5;3;5;3;0;1;1;0;0;0;0;0;10.016845337;53.587304507
2;2018;1;11;5;3;5;3;0;1;1;0;0;0;0;0;9.950641897;53.623020605
2;2018;2;14;3;3;1;5;0;0;1;0;0;0;0;0;10.169526057;53.598132976
2;2018;1;19;5;3;0;4;2;0;0;1;0;0;1;0;9.990530174;53.560350176
2;2018;2;12;6;3;7;7;0;0;0;1;0;0;1;1;9.987805667;53.498240108
2;2018;2;10;2;3;3;6;0;0;1;0;0;0;0;1;10.100143537;53.585086631
2;2018;2;18;6;3;4;6;2;0;1;0;0;0;0;1;10.124924766;53.560526945
2;2018;1;13;4;3;6;7;0;0;1;1;0;0;0;0;9.979074554;53.464018265
2;2018;2;18;6;3;6;2;1;0;1;1;0;0;0;0;10.2058525;53.487028362
2;2018;2;11;6;3;5;3;0;0;1;0;0;0;0;0;10.208178256;53.498012996
2;2018;1;10;4;3;2;6;0;0;1;0;0;0;0;1;10.025261617;53.555312843
2;2018;2;19;6;3;5;3;2;0;1;0;0;0;0;1;10.202191888;53.490901686
2;2018;1;6;4;3;1;6;2;0;1;0;0;0;0;1;10.201588594;53.486323978
2;2018;2;7;7;3;6;3;0;0;1;1;0;0;0;0;9.965750755;53.596779819
2;2018;2;7;5;2;6;2;2;0;0;1;0;0;1;0;9.974234021;53.569303617
2;2018;2;8;5;3;6;2;0;0;0;1;0;0;1;0;9.925711768;53.546521611
2;2018;1;18;4;3;6;7;2;0;0;1;0;0;1;0;10.108071696;53.559058142
2;2018;2;13;3;2;6;4;0;0;1;1;0;0;0;0;10.079626203;53.600680738
2;2018;1;11;4;3;5;3;0;0;1;0;0;0;0;0;10.097162047;53.534146562
2;2018;2;7;2;2;6;4;2;0;0;1;0;0;1;1;10.017826923;53.562716116
2;2018;2;10;6;3;2;6;0;1;0;0;0;0;0;0;10.067922257;53.609795812
2;2018;1;17;4;3;5;3;2;0;1;0;0;0;0;0;10.135545514;53.617065395
2;2018;2;15;6;3;0;7;0;1;0;0;0;0;0;0;10.039106303;53.641810298
2;2018;1;8;4;3;5;3;1;0;1;0;0;0;1;1;10.065798589;53.608603577
2;2018;2;16;4;3;2;6;1;0;1;0;0;0;0;0;10.073497148;53.664695193
2;2018;1;7;4;2;5;3;2;1;1;0;0;0;0;1;10.128003707;53.583085492
2;2018;2;13;4;3;0;3;0;0;1;0;0;0;1;0;10.007034907;53.497665334
2;2018;1;6;4;3;5;2;2;0;1;0;0;0;0;1;10.106598928;53.605867259
2;2018;2;13;3;3;2;6;0;0;1;0;1;0;0;0;9.801666162;53.565404389
2;2018;1;18;4;3;6;4;2;0;0;1;0;0;1;0;10.097116082;53.620136216
2;2018;2;18;2;3;2;6;2;1;1;0;0;0;0;2;9.949929732;53.628774678
2;2018;2;15;6;3;6;6;0;1;0;1;0;0;0;1;9.903895545;53.556024544
2;2018;1;8;4;3;5;3;1;0;1;0;0;1;0;1;10.069119325;53.668272184
2;2018;2;7;6;3;4;2;0;1;1;0;0;0;0;0;9.994000848;53.579631259
2;2018;1;7;4;3;6;2;2;0;1;1;0;0;0;1;10.044282217;53.593530218
2;2018;2;11;4;3;5;2;0;1;1;0;0;0;0;0;9.903572876;53.608718676
2;2018;1;17;4;3;2;6;2;0;1;0;0;0;0;0;10.092568354;53.674720044
2;2018;2;8;2;3;2;6;0;0;1;0;0;0;1;1;10.102181683;53.580269301
2;2018;1;7;4;2;5;3;1;1;1;0;0;0;0;1;10.01148196;53.649160499
2;2018;2;9;2;3;5;7;0;0;1;0;1;0;0;1;9.95423894;53.581677782
2;2018;2;9;1;3;4;1;0;0;1;0;0;0;0;1;10.028007536;53.674686926
2;2018;2;12;5;3;5;3;0;1;1;0;0;0;0;0;10.044108572;53.592665722
2;2018;1;9;4;1;6;4;0;0;0;0;1;0;1;1;10.009893625;53.615237376
2;2018;2;17;3;3;6;4;2;0;1;1;0;0;0;0;9.987289673;53.55652219
2;2018;1;7;4;3;5;2;1;1;1;0;0;0;0;1;10.018495978;53.614973008
2;2018;2;14;1;3;5;2;0;0;1;0;0;0;1;1;9.815536879;53.513394724
2;2018;2;11;5;3;6;4;0;0;0;1;0;0;1;0;10.075338762;53.558508659
2;2018;1;14;4;3;5;3;0;0;1;0;0;0;0;0;9.922164489;53.577049882
2;2018;2;18;5;3;2;6;2;0;1;0;0;0;0;0;10.102806308;53.578868235
2;2018;1;7;4;3;6;2;2;0;1;1;0;0;0;1;9.979274254;53.581246909
2;2018;2;9;4;3;5;3;0;1;1;0;0;0;0;0;9.979781846;53.577696203
2;2018;1;20;4;3;2;6;2;0;1;0;0;0;0;1;9.874706331;53.589810461
2;2018;1;11;4;3;6;4;0;0;1;1;0;0;0;1;9.932089729;53.567042252
2;2018;2;16;7;3;3;2;0;0;1;0;0;0;1;0;9.85870323;53.574396185
2;2018;2;7;5;3;6;4;2;0;1;1;0;0;0;0;9.963186891;53.577424167
2;2018;1;21;3;3;5;3;2;1;1;0;0;0;0;1;10.026599412;53.553919788
2;2018;2;21;5;3;6;4;2;0;1;1;0;0;0;0;9.906431872;53.614613365
2;2018;2;10;4;2;6;6;0;0;1;1;0;0;0;0;10.131151331;53.433014053
2;2018;3;12;2;3;4;2;0;0;1;1;0;0;0;0;9.993286139;53.541699118
2;2018;2;18;7;3;1;6;2;0;1;0;0;0;0;0;10.030944214;53.538413244
2;2018;2;11;4;1;0;7;0;1;0;0;0;0;0;0;10.152911559;53.603635903
2;2018;3;7;5;3;5;3;0;0;1;0;0;0;0;0;10.056200251;53.606748925
2;2018;2;6;4;3;2;6;2;0;1;0;0;1;0;0;9.998608656;53.498795519
2;2018;3;15;4;2;5;3;0;0;1;0;0;1;0;1;10.032403419;53.635385547
2;2018;2;19;4;3;4;2;2;0;1;0;0;0;0;0;10.100561702;53.584635837
2;2018;3;17;3;2;0;6;1;0;1;0;0;0;1;0;10.174535438;53.497908798
2;2018;2;1;4;3;0;7;2;0;1;1;0;0;0;0;10.066494859;53.639722548
2;2018;3;20;7;3;0;6;2;0;0;0;0;0;1;1;10.106000734;53.605767347
2;2018;2;7;6;3;6;4;0;0;1;1;0;0;0;0;10.058543309;53.610257759
2;2018;2;13;4;3;1;5;0;1;1;0;0;0;0;0;10.03359106;53.568143481
2;2018;2;19;4;3;0;5;2;1;1;0;0;0;0;0;9.93732902;53.581669791
2;2018;2;9;4;2;5;3;0;1;1;0;0;0;0;0;9.899459327;53.620719312
2;2018;3;17;5;3;2;6;2;0;1;0;0;0;0;2;9.956082804;53.549111741
2;2018;2;10;4;3;5;3;0;1;1;0;0;0;0;0;9.851999095;53.584412295
2;2018;2;13;4;3;5;3;0;1;1;0;0;0;0;0;9.907819116;53.6325752
2;2018;2;18;3;3;4;2;1;0;1;0;0;0;0;1;9.95297191;53.546367115
2;2018;2;7;4;3;6;4;0;0;1;1;0;0;0;0;9.857580342;53.582280958
2;2018;3;8;3;3;3;6;0;0;1;0;0;0;0;0;9.857241386;53.58195917
2;2018;2;9;4;3;5;3;0;0;1;0;0;0;0;0;9.858891078;53.576986762
2;2018;3;16;6;3;1;6;0;0;1;0;0;0;0;2;10.186168982;53.488934066
2;2018;2;17;6;3;2;6;2;0;1;0;0;0;0;0;9.941519062;53.563879651
2;2018;2;10;4;3;5;3;0;1;1;0;0;0;0;0;9.915844246;53.639984699
2;2018;2;15;4;3;2;6;0;0;1;0;0;0;1;0;9.936233901;53.551269422
2;2018;2;14;4;3;5;3;0;1;1;0;0;0;0;0;9.95343419;53.551066484
2;2018;3;17;2;3;1;6;0;0;1;0;0;0;0;0;10.092934396;53.58776189
2;2018;2;17;4;3;3;6;0;0;1;0;0;0;1;0;9.988371743;53.556944279
2;2018;2;12;4;2;6;4;0;0;1;1;0;0;0;0;10.003883076;53.553787993
2;2018;3;7;2;3;4;2;1;0;1;0;0;0;1;1;9.926291275;53.477911065
2;2018;2;14;4;3;1;6;0;0;1;0;0;0;0;0;9.980578703;53.555087634
2;2018;3;9;6;3;0;1;0;1;0;0;0;0;0;2;10.042193951;53.58503991
2;2018;2;7;5;2;0;2;0;1;0;0;0;0;1;2;9.979318378;53.46202559
2;2018;2;17;3;3;6;2;2;0;1;1;0;0;0;0;9.854645783;53.468452909
2;2018;2;8;3;3;6;2;0;0;1;1;0;0;0;0;9.956361869;53.463952091
2;2018;2;17;3;2;2;6;2;0;1;0;0;0;0;0;10.181412925;53.405804087
2;2018;3;14;2;3;2;6;0;0;1;0;0;0;0;0;9.885494961;53.601126555
2;2018;2;8;3;3;6;4;0;0;1;1;0;0;0;0;10.121568208;53.615935999
2;2018;3;16;5;3;2;6;0;0;1;0;0;0;0;0;10.102599555;53.579362737
2;2018;2;12;5;3;1;5;0;1;1;0;0;0;0;0;9.942339026;53.576588753
2;2018;3;8;6;3;3;2;0;0;1;0;0;0;0;0;9.989235714;53.564648282
2;2018;2;8;5;3;2;6;0;0;1;0;0;0;0;1;10.066164063;53.650484381
2;2018;2;19;3;3;6;2;2;0;1;1;0;0;0;0;10.054297577;53.64011058
2;2018;3;8;4;3;6;4;0;0;1;1;0;0;0;1;10.055355781;53.531672093
2;2018;2;7;3;3;4;6;0;0;1;0;0;0;1;0;10.100029565;53.696192109
2;2018;3;19;4;3;6;2;2;0;0;1;0;0;1;1;9.959955855;53.563880411
2;2018;2;13;3;3;6;4;0;0;1;1;0;0;0;0;9.970120814;53.550086315
2;2018;2;13;3;3;1;5;0;1;1;0;0;0;0;0;9.996178144;53.59200214
2;2018;3;14;1;3;2;6;0;0;1;0;0;0;0;0;9.995294792;53.443466472
2;2018;2;20;7;2;6;4;2;0;0;1;1;0;0;0;10.008202185;53.58110933
2;2018;2;11;3;3;0;7;0;1;1;0;0;0;0;0;10.011221869;53.584313049
2;2018;3;9;5;3;6;2;0;0;1;1;0;0;0;0;9.94489288;53.638183563
2;2018;2;9;3;3;1;6;0;1;0;0;0;0;1;0;9.918636559;53.574426259
2;2018;2;8;3;3;6;4;0;0;1;1;0;0;0;1;9.992930458;53.512529513
2;2018;2;12;3;3;0;5;0;1;1;0;0;0;0;0;10.00495374;53.556631873
2;2018;2;9;3;3;2;6;0;0;1;0;0;0;0;0;9.963441255;53.599767895
2;2018;3;10;3;3;5;3;0;1;1;0;0;0;0;0;10.058283769;53.577906891
2;2018;2;8;3;3;2;6;0;0;1;0;0;0;1;0;9.976589896;53.564501513
2;2018;3;16;7;3;0;1;0;0;0;0;1;0;0;1;10.013118861;53.644181751
2;2018;3;9;4;3;2;6;0;0;1;0;0;0;1;1;10.125071132;53.669018775
2;2018;2;7;3;3;0;7;1;0;0;1;0;1;0;0;10.007374702;53.554374872
2;2018;2;2;4;3;8;7;2;0;1;0;0;0;0;2;9.908392281;53.591736003
2;2018;3;6;4;3;1;5;0;1;0;0;0;1;0;1;10.006350981;53.558086508
2;2018;2;6;2;3;5;3;2;1;1;0;0;0;0;0;10.015228075;53.520410508
2;2018;3;5;7;3;9;7;1;0;1;0;0;0;0;2;10.207900906;53.496047508
2;2018;2;21;7;3;4;2;2;0;1;0;0;0;0;0;9.934409954;53.476780887
2;2018;2;17;2;2;2;6;2;0;1;0;0;0;0;0;10.090183093;53.554223807
2;2018;2;5;4;3;8;7;2;0;1;0;0;0;0;0;9.801251927;53.521723012
2;2018;2;11;2;3;3;6;0;0;1;0;0;0;0;0;10.027414386;53.533107695
2;2018;2;7;3;3;5;3;0;0;1;0;0;0;1;2;10.115775608;53.537856901
2;2018;2;9;2;3;5;2;0;0;1;0;0;0;0;0;10.040682794;53.555563824
2;2018;3;18;3;3;3;6;1;1;1;0;0;0;0;0;9.98682948;53.57264354
2;2018;2;10;2;3;1;5;0;1;1;0;0;0;0;0;10.047910574;53.558913785
2;2018;3;9;6;3;5;3;0;0;1;0;0;0;0;0;10.11327497;53.599618317
2;2018;2;8;6;3;5;3;0;1;1;0;0;0;0;0;9.992522461;53.566588537
2;2018;2;22;2;3;1;5;2;1;1;0;0;0;0;0;10.120572578;53.60742623
2;2018;2;15;2;3;6;7;0;1;0;1;0;0;0;0;10.064152051;53.566515388
2;2018;2;14;6;3;2;6;0;0;1;0;0;0;0;0;10.027103177;53.650174975
2;2018;2;7;2;3;2;2;0;0;1;0;0;0;0;0;10.032336318;53.623852
2;2018;2;16;2;3;5;3;0;1;1;0;0;0;0;0;10.044557995;53.586582891
2;2018;2;11;2;3;5;3;0;1;1;0;0;0;0;0;9.88706964;53.560365724
2;2018;3;19;2;3;2;6;2;0;1;0;0;0;0;0;10.058626877;53.554819801
2;2018;2;9;2;3;4;7;0;0;1;0;0;0;1;0;9.967298139;53.557355973
2;2018;3;13;6;3;0;7;0;0;1;0;0;0;1;0;9.865252698;53.570910261
2;2018;2;7;5;3;6;6;2;1;0;1;0;0;0;2;10.0687168;53.57150373
2;2018;2;21;1;2;6;4;2;0;1;1;0;0;0;0;9.983216278;53.462262369
2;2018;2;16;3;3;2;2;0;0;1;0;0;0;0;2;10.183810536;53.602756916
2;2018;2;7;4;3;2;6;0;0;1;0;0;0;1;2;10.002132259;53.596135453
2;2018;3;12;4;3;6;4;0;0;1;1;0;0;0;1;10.22921648;53.445179296
2;2018;2;12;1;3;5;3;0;0;1;0;0;0;0;0;10.208101552;53.495938069
2;2018;3;11;4;3;0;2;0;0;1;1;0;0;0;1;10.0164053;53.567709344
2;2018;2;13;1;3;2;6;0;0;1;0;0;0;0;0;10.026709185;53.62948271
2;2018;3;8;2;3;3;6;0;0;1;0;0;1;0;1;9.914734198;53.58277072
2;2018;2;0;1;3;5;7;2;0;1;0;0;0;1;0;9.989118884;53.558342401
2;2018;3;18;2;3;5;2;2;0;1;0;0;0;0;0;10.076879256;53.713875396
2;2018;2;13;1;3;3;6;0;0;0;0;0;0;1;0;10.000710127;53.556183071
2;2018;3;19;5;3;6;4;2;0;1;1;0;0;0;0;10.011316499;53.495389627
2;2018;2;10;5;3;1;6;0;0;1;0;0;0;0;1;10.01614535;53.57160056
2;2018;2;20;7;3;5;3;2;0;1;0;0;0;0;0;9.971107289;53.45934189
2;2018;2;17;3;3;2;2;2;0;1;0;0;0;0;2;10.114663912;53.607469865
2;2018;3;9;4;3;4;2;0;0;1;0;0;0;0;1;10.109649891;53.593358358
2;2018;2;19;7;3;4;2;2;0;1;0;0;0;0;0;9.995863529;53.499540626
2;2018;3;7;4;2;5;3;0;1;1;0;0;0;0;1;9.973367399;53.583919665
2;2018;2;12;2;3;1;2;0;0;1;0;0;1;0;0;10.010825071;53.46106721
2;2018;2;12;7;3;4;6;0;0;1;0;0;0;1;0;10.187643002;53.437266974
2;2018;3;15;1;3;5;3;0;0;1;0;0;0;1;0;10.071241958;53.570602218
2;2018;2;13;7;3;1;5;0;0;1;0;0;0;0;0;9.98413352;53.604748696
2;2018;2;10;7;2;2;2;0;0;1;0;0;0;1;0;10.09266344;53.537088493
2;2018;3;18;5;3;6;4;2;0;1;1;0;0;0;0;9.951354897;53.555111452
2;2018;2;15;3;3;2;6;0;0;1;0;0;0;1;1;10.068464959;53.608563686
2;2018;2;22;7;2;4;2;2;1;1;0;0;0;0;0;10.055250616;53.560843266
2;2018;2;19;1;3;2;6;2;0;1;0;0;0;0;2;9.98330457;53.595891751
2;2018;2;14;7;3;2;6;0;0;1;0;0;0;0;0;10.140608452;53.570585925
2;2018;3;7;5;3;6;4;0;0;0;1;0;1;0;0;10.138993551;53.574976001
2;2018;2;6;5;3;4;2;2;0;1;0;0;0;0;0;10.000734718;53.555630862
2;2018;2;12;3;3;5;2;0;1;1;0;0;0;0;1;9.904157501;53.592904676
2;2018;3;13;4;3;5;3;0;0;1;0;0;0;1;1;10.032365724;53.63544212
2;2018;2;16;7;3;2;6;0;0;1;0;0;0;0;1;10.153869373;53.614611218
2;2018;3;10;3;3;1;6;0;0;1;0;0;0;0;1;9.971521345;53.435961295
2;2018;2;19;7;3;4;2;2;0;1;0;0;0;0;0;10.05584586;53.591432918
2;2018;3;13;7;3;5;3;0;0;1;0;0;0;0;0;10.081603724;53.558451763
2;2018;2;11;6;3;2;6;0;0;1;0;0;0;1;0;10.084135416;53.554708644
2;2018;2;1;7;3;4;2;2;0;1;0;0;0;0;0;10.035770496;53.600918636
2;2018;2;8;4;3;5;3;0;0;1;0;0;0;1;2;10.160910038;53.596596459
2;2018;2;12;3;3;1;6;0;0;1;0;0;0;1;1;9.928260214;53.643486174
2;2018;2;0;7;3;4;2;2;0;1;0;0;0;0;0;10.035451876;53.575127301
2;2018;2;14;3;2;5;3;0;1;0;0;0;0;1;2;9.968454047;53.586152778
2;2018;2;17;7;3;2;6;1;0;1;0;0;0;0;0;9.916585947;53.600039786
2;2018;3;18;2;3;5;2;2;0;1;0;0;0;1;1;9.975644592;53.460276365
2;2018;2;8;7;3;5;3;0;0;1;0;0;0;0;0;9.924711437;53.567718898
2;2018;3;11;3;3;3;2;0;1;1;0;0;0;0;0;9.996117808;53.58391981
2;2018;2;19;7;3;0;7;2;0;0;0;1;0;0;0;9.967208533;53.5991543
2;2018;3;6;6;3;2;6;1;0;1;0;0;0;0;0;9.913014278;53.514460548
2;2018;2;18;6;3;1;5;2;0;1;0;0;0;0;0;9.88948587;53.569398319
2;2018;2;18;7;3;3;6;2;0;1;0;0;0;0;0;9.987984319;53.56238241
2;2018;2;5;2;3;5;3;2;0;1;0;0;0;0;2;9.98887833;53.457289986
2;2018;2;17;7;3;0;7;0;1;1;0;0;0;0;0;9.980240386;53.566600197
2;2018;2;12;6;3;2;6;0;0;1;0;0;0;0;1;10.122091345;53.566637431
2;2018;3;11;2;3;5;3;0;0;1;0;0;0;0;1;10.14448164;53.579464431
2;2018;2;22;6;3;5;3;2;0;1;0;0;0;0;1;10.098582622;53.542434966
2;2018;3;22;6;3;5;3;2;1;0;0;0;0;1;0;9.964212059;53.580462467
2;2018;2;6;5;3;5;7;2;0;1;0;0;0;0;1;10.0757974;53.613739341
2;2018;2;15;6;3;2;6;0;0;1;0;0;0;0;0;10.016973594;53.548848286
2;2018;2;15;6;3;2;6;0;0;1;0;0;0;1;0;10.133042018;53.575191039
2;2018;3;17;6;3;2;6;0;0;1;0;0;0;0;0;10.077572829;53.66327989
2;2018;2;15;5;3;2;6;0;0;1;0;0;0;0;0;9.980157072;53.460728295
2;2018;2;12;6;3;2;6;0;0;1;0;0;0;0;1;10.172239792;53.615234731
2;2018;2;4;2;3;4;6;2;0;1;0;0;0;0;1;10.135977543;53.635426348
2;2018;2;16;6;3;5;3;0;0;1;0;0;0;0;1;10.139002932;53.584072547
2;2018;2;20;6;3;6;4;2;0;1;1;0;0;0;0;10.050592769;53.601438011
2;2018;3;12;2;3;2;6;0;0;1;0;0;0;0;0;10.031173658;53.566109348
2;2018;2;15;6;3;2;6;0;0;1;0;0;0;0;1;10.076951973;53.653076289
2;2018;3;19;5;3;5;3;2;0;1;0;0;0;0;2;10.162889362;53.599305024
2;2018;2;14;5;3;5;3;0;0;1;0;1;0;0;0;9.97484378;53.601654785
2;2018;2;9;2;3;1;6;0;0;1;0;0;0;0;1;10.086933575;53.577808591
2;2018;3;14;4;3;5;3;0;0;1;0;1;0;0;0;10.061335099;53.580717712
2;2018;2;15;6;3;4;3;0;1;1;0;0;0;0;0;10.013294307;53.599953835
2;2018;3;18;4;3;0;1;2;0;0;0;1;0;0;1;9.989643554;53.544696997
2;2018;2;7;2;3;4;6;0;0;1;0;0;1;0;2;10.039409767;53.606042868
2;2018;3;21;4;3;6;4;2;0;1;1;0;0;0;1;10.046500696;53.562715135
2;2018;2;13;6;3;1;7;0;0;1;0;0;0;0;0;10.035887825;53.561343559
2;2018;3;20;4;3;6;2;2;0;1;1;0;0;0;1;9.902604884;53.556358717
2;2018;2;23;6;3;3;6;2;0;1;0;0;0;0;1;9.904731701;53.609567746
2;2018;3;13;2;3;0;7;0;1;1;0;0;0;0;1;9.999404431;53.549227472
2;2018;2;7;7;2;0;1;1;0;1;0;0;0;0;0;10.026195726;53.629433186
2;2018;2;10;6;3;2;6;0;0;1;0;0;0;0;0;9.910334292;53.566000376
2;2018;3;17;5;3;6;7;1;1;0;1;0;0;0;0;10.043055757;53.581201817
2;2018;2;21;2;3;4;6;2;0;1;0;0;0;0;2;10.116802665;53.706206237
2;2018;2;6;6;3;2;6;2;1;1;0;0;0;0;2;9.890843034;53.62389057
2;2018;2;13;2;3;5;3;0;0;1;0;0;0;0;1;10.066666444;53.653238248
2;2018;3;17;4;3;5;3;0;1;1;0;0;0;0;1;10.044293216;53.593462362
2;2018;2;6;6;3;1;6;2;0;1;0;0;0;0;2;9.916903586;53.515328784
2;2018;2;16;4;3;6;4;0;0;0;1;0;0;1;0;9.864738356;53.607066128
2;2018;3;16;3;3;1;5;0;0;1;0;0;0;0;0;10.146785585;53.523069574
2;2018;2;20;5;3;5;2;2;0;1;0;0;0;0;1;9.995893491;53.499532766
2;2018;3;18;7;3;1;6;1;0;1;0;0;0;0;0;10.08092128;53.580522768
2;2018;2;16;6;3;0;3;0;1;1;0;0;0;0;0;10.026795322;53.649987735
2;2018;2;13;5;3;5;3;0;0;1;0;0;0;0;1;9.990839522;53.516644274
2;2018;2;15;2;3;5;2;0;0;1;0;0;0;0;1;9.907048454;53.616311486
2;2018;2;19;5;3;5;3;2;1;1;0;0;0;0;2;10.199438502;53.488937828
2;2018;3;5;1;3;2;6;2;0;1;0;0;0;0;0;10.006084254;53.55817811
2;2018;2;16;7;3;0;7;0;0;1;0;0;0;1;0;10.008864565;53.552148564
2;2018;2;18;5;3;1;6;2;0;1;0;0;0;0;2;10.012845746;53.548248639
2;2018;3;12;5;3;6;4;0;0;1;1;0;0;0;0;9.964991311;53.551020098
2;2018;2;14;2;3;3;6;0;0;1;0;0;0;0;1;9.939900197;53.572785989
2;2018;2;12;5;3;5;3;0;0;1;0;0;0;1;0;10.061491448;53.579531333
2;2018;2;7;2;3;2;6;1;0;1;0;0;0;0;2;9.87235579;53.606964803
2;2018;2;12;5;3;5;3;0;0;1;0;0;0;0;1;10.083448099;53.576883917
2;2018;3;14;3;3;5;2;0;1;1;0;0;0;0;0;9.90343652;53.568682001
2;2018;2;6;5;3;6;2;2;0;1;1;0;0;0;0;10.045556783;53.588568915
2;2018;2;17;4;3;9;1;1;0;1;0;0;0;0;2;10.136065607;53.635254483
2;2018;3;5;6;3;5;2;2;1;1;0;0;0;0;0;10.047653171;53.561346698
2;2018;2;11;6;3;2;6;0;0;1;0;0;0;1;0;9.980172795;53.572459406
2;2018;2;16;5;3;6;4;1;1;0;1;0;0;0;0;10.044109745;53.586848054
2;2018;2;18;2;3;6;2;1;0;1;1;0;0;0;1;9.92162481;53.631858454
2;2018;2;18;5;3;6;4;2;0;1;1;0;0;0;1;9.93916891;53.594780222
2;2018;2;15;2;3;3;6;0;0;1;0;0;1;0;1;10.017200929;53.527491738
2;2018;2;14;5;3;2;6;0;0;1;0;0;0;0;1;9.970634663;53.583126322
2;2018;2;21;5;3;6;2;2;0;1;1;0;0;0;1;9.983366784;53.548439192
2;2018;2;10;1;3;4;2;0;0;1;0;0;0;0;1;9.951150884;53.460083036
2;2018;2;1;5;3;0;7;2;1;0;0;0;0;0;0;9.98351883;53.557706262
2;2018;3;14;2;2;5;3;0;1;1;0;0;0;0;0;10.078678297;53.55016993
2;2018;2;18;5;3;3;2;2;1;1;0;0;0;0;1;10.012884523;53.560660989
2;2018;3;16;6;3;5;3;0;0;1;0;0;0;0;0;9.794956268;53.567298027
2;2018;2;1;5;3;7;7;2;0;1;0;0;0;0;1;10.02477672;53.530257402
2;2018;2;16;4;3;6;4;0;0;1;1;0;0;0;0;9.876118307;53.533485135
2;2018;2;8;1;3;5;3;0;0;1;0;0;0;0;0;9.96554347;53.463422448
2;2018;3;16;4;3;6;4;0;0;1;1;0;0;0;1;10.186311875;53.505573709
2;2018;2;14;4;3;5;2;0;0;1;0;0;0;0;0;10.253122955;53.417754191
2;2018;2;7;4;3;5;2;0;1;1;0;0;0;0;0;10.053247111;53.557045305
2;2018;3;5;2;3;3;6;1;0;1;0;0;0;0;2;9.90536887;53.59196593
2;2018;2;7;4;3;2;6;0;0;1;0;0;0;0;0;10.15387989;53.614616006
2;2018;3;10;5;3;6;2;0;0;1;1;0;0;0;0;10.118161462;53.599954002
2;2018;3;11;2;2;4;2;0;0;1;0;0;0;0;1;10.159713749;53.656608794
2;2018;2;18;4;3;2;6;2;0;1;0;0;0;0;0;9.884652366;53.593182466
2;2018;3;9;5;3;2;6;0;0;1;0;0;0;0;0;9.883050605;53.478298273
2;2018;2;14;5;3;2;6;0;0;1;0;0;0;1;0;10.025413172;53.649656411
2;2018;2;8;4;3;5;3;0;1;1;0;0;0;0;0;9.988737806;53.581284382
2;2018;2;21;1;3;1;6;2;0;1;0;0;0;0;2;10.117121191;53.607228804
2;2018;3;16;4;3;6;4;0;0;1;1;0;0;0;1;10.141222298;53.583984996
2;2018;2;8;4;3;5;3;0;1;1;0;0;0;0;0;10.006328024;53.551818539