ULAND;UJAHR;UMONAT;USTUNDE;UWOCHENTAG;UKATEGORIE;UART;UTYP1;ULICHTVERH;IstRad;IstPKW;IstFuss;IstKrad;IstGkfz;IstSonstig;STRZUSTAND;XGCSWGS84;YGCSWGS84
2;2018;3;9;4;3;5;3;0;0;1;0;0;0;0;1;9.987851039;53.60330757
2;2018;2;7;2;2;4;6;2;0;1;0;0;1;0;1;9.986738099;53.519352433
2;2018;2;22;4;3;2;6;2;0;1;0;1;0;0;0;10.011236169;53.56002695
2;2018;3;7;1;3;5;3;0;0;1;0;0;0;0;0;10.085426554;53.551321581
2;2018;2;22;7;3;8;5;2;0;1;0;0;0;0;0;10.043319882;53.597714265
2;2018;2;7;3;3;6;4;0;0;1;1;0;0;0;2;9.874879393;53.475611201
2;2018;3;16;5;3;0;7;0;0;1;0;0;0;1;0;9.992651377;53.592192183
2;2018;2;10;1;3;5;3;0;0;1;0;0;0;0;1;10.033272972;53.573924677
2;2018;2;9;3;3;6;4;0;0;1;1;0;0;0;2;9.879120908;53.533285965
2;2018;2;20;1;3;1;5;2;0;1;0;0;0;0;2;9.819797084;53.560742303
2;2018;2;9;3;2;4;2;0;0;1;0;0;0;1;1;9.994005251;53.465257929
2;2018;3;12;3;3;5;3;0;0;1;0;0;0;0;0;10.082215348;53.620916264
2;2018;2;18;5;3;5;3;2;0;1;0;0;0;0;0;9.925264616;53.550074998
2;2018;3;6;4;3;6;2;2;0;1;1;0;0;0;1;10.102201689;53.647375636
2;2018;2;12;3;2;6;2;0;0;1;1;0;0;0;1;10.21011807;53.510128155
2;2018;3;19;3;3;2;7;2;0;1;0;0;0;0;0;9.987429527;53.450034913
2;2018;2;12;3;3;2;6;0;0;1;0;0;1;0;1;10.185682338;53.487719575
2;2018;3;9;7;3;5;3;0;0;1;0;0;0;0;0;10.182375703;53.491873775
2;2018;2;23;6;3;8;1;2;0;1;0;0;0;0;0;10.209746689;53.512507527
2;2018;2;10;3;3;6;4;0;0;1;1;0;0;0;2;10.150118704;53.531044625
2;2018;2;9;4;3;9;7;0;0;0;1;0;0;1;2;10.017860735;53.525979581
2;2018;2;19;3;3;2;2;2;0;1;0;0;0;0;1;10.150632127;53.608320474
2;2018;2;10;3;3;1;6;0;0;1;0;0;0;0;1;10.133000077;53.62416666
2;2018;3;9;3;3;0;7;0;0;0;1;0;0;1;0;9.993939158;53.550859722
2;2018;2;14;3;3;1;2;0;0;1;0;0;0;0;1;10.119009142;53.605388878
2;2018;3;13;6;3;5;3;0;0;1;0;0;0;0;2;10.099314871;53.660414827
2;2018;2;17;6;3;1;5;0;1;1;0;0;0;0;0;9.962120169;53.556398957
2;2018;2;1;3;3;8;1;2;0;1;0;0;0;0;2;10.123819899;53.613542069
2;2018;3;9;7;3;9;1;0;0;1;0;0;0;0;0;9.923663332;53.638409123
2;2018;2;20;6;2;8;1;2;0;1;0;0;0;0;0;10.026942712;53.569923324
2;2018;2;9;3;3;6;7;0;0;1;1;0;0;0;1;10.103098236;53.648600376
2;2018;2;10;3;3;6;4;0;0;1;1;0;0;0;1;10.012610526;53.6460832
2;2018;2;20;3;3;3;6;2;1;1;0;0;0;0;0;10.003623674;53.589459821
2;2018;3;6;2;3;1;1;1;0;1;0;0;0;1;2;10.061759552;53.547818378
2;2018;2;15;3;3;0;7;0;0;0;0;1;0;0;1;10.040935239;53.566761444
2;2018;3;12;6;3;6;7;0;0;1;1;0;0;0;0;9.812544839;53.560158622
2;2018;2;18;5;2;2;6;2;0;1;0;0;0;0;0;10.037553296;53.610131734
2;2018;2;14;3;3;5;2;0;0;1;0;0;0;0;1;9.908071026;53.60618661
2;2018;2;19;4;3;2;6;2;0;1;0;0;0;0;2;10.041532915;53.579911371
2;2018;3;12;4;3;6;4;0;0;1;1;0;0;0;1;10.181929753;53.478010521
2;2018;2;10;3;3;6;4;0;0;1;1;0;0;0;0;9.902655614;53.60813596
2;2018;3;1;4;3;2;7;2;0;1;0;0;0;0;0;10.036552784;53.561529236
2;2018;2;10;3;3;0;7;0;0;0;0;1;0;0;1;9.916935932;53.599844129
2;2018;2;20;3;3;8;1;2;0;1;0;0;0;0;1;9.864724351;53.573501545
2;2018;2;14;3;3;2;2;0;0;1;0;0;0;0;0;9.898570514;53.570979709
2;2018;3;18;2;3;6;7;0;0;1;1;0;0;0;0;10.051109;53.580943479
2;2018;2;15;3;2;5;3;0;1;1;0;0;0;0;0;9.872034426;53.586096914
2;2018;3;19;5;3;5;2;2;0;1;0;0;0;0;1;10.089834193;53.554091883
2;2018;2;16;5;3;2;6;0;0;1;0;0;0;0;0;9.874070279;53.58734522
2;2018;3;20;4;3;6;2;1;0;1;1;0;0;0;0;10.067952877;53.582378537
2;2018;2;9;3;3;4;2;0;1;1;0;0;0;0;0;9.945615067;53.556964694
2;2018;3;18;4;3;6;3;2;0;0;1;0;0;1;0;9.945373935;53.557105361
2;2018;2;9;2;3;6;4;0;0;1;1;0;0;0;1;10.117530435;53.607083673
2;2018;3;19;1;3;2;6;2;0;1;0;0;0;0;0;9.852482004;53.592250747
2;2018;2;14;7;3;0;7;0;0;1;0;0;0;1;0;9.949426317;53.563272948
2;2018;3;10;5;3;5;3;0;1;1;0;0;0;0;1;9.978168777;53.597547928
2;2018;4;23;3;2;6;4;2;0;1;1;0;0;0;0;10.061542205;53.595462817
2;2018;3;18;5;3;2;6;2;0;1;0;0;0;0;1;9.942158423;53.550214749
2;2018;3;14;5;3;6;7;0;1;0;1;0;0;0;1;9.938085577;53.563667988
2;2018;3;6;6;3;5;3;1;0;1;0;0;0;0;0;10.034474542;53.56419263
2;2018;3;18;5;3;3;2;1;1;1;0;0;0;0;0;9.972403171;53.557094141
2;2018;3;7;3;3;5;3;0;1;1;0;0;0;0;0;10.10562529;53.658134299
2;2018;3;15;5;3;0;1;0;0;0;0;1;0;0;1;9.986046842;53.557990022
2;2018;4;17;5;3;6;4;0;0;1;1;0;0;0;1;9.998730327;53.606051255
2;2018;3;17;5;3;2;6;0;0;1;0;0;0;0;1;9.975487427;53.560600087
2;2018;4;17;2;3;0;3;0;1;1;0;0;0;0;0;10.155007965;53.587606922
2;2018;3;7;5;3;2;6;0;0;1;0;0;1;0;1;9.926939221;53.518860232
2;2018;3;16;4;3;5;3;0;1;0;0;0;0;1;0;9.975564254;53.460209574
2;2018;3;9;5;2;6;4;0;0;1;1;0;0;0;1;10.133495294;53.623642523
2;2018;3;14;4;3;3;6;0;0;1;0;0;1;0;0;10.024207042;53.529646075
2;2018;3;17;2;3;5;3;0;1;1;0;0;0;0;0;9.894446162;53.552759515
2;2018;3;18;4;3;5;3;2;1;0;0;0;0;1;0;10.168525445;53.515569705
2;2018;3;13;5;3;3;6;0;0;1;0;0;1;0;1;10.070162003;53.559740932
2;2018;3;9;4;3;2;2;0;0;1;0;0;0;0;0;10.123257962;53.538390814
2;2018;3;11;6;3;0;6;0;0;1;0;0;0;1;0;10.121335373;53.605597085
2;2018;3;6;3;3;2;6;1;0;1;0;1;0;0;0;10.014454226;53.561934422
2;2018;3;8;5;3;1;5;0;1;1;0;0;0;0;1;9.967707937;53.577595404
2;2018;3;16;4;3;1;6;0;0;1;0;0;0;0;0;10.109606151;53.570874686
2;2018;4;9;5;3;0;4;0;0;0;1;0;1;0;1;9.967817688;53.55736235
2;2018;3;7;4;2;3;6;0;1;1;0;0;0;0;0;10.136995685;53.592560971
2;2018;4;14;1;3;6;4;0;0;0;1;0;0;1;0;10.145072507;53.532810959
2;2018;3;10;4;3;2;6;0;0;1;0;0;0;0;0;10.064635176;53.597593204
2;2018;3;15;4;3;5;2;0;0;1;0;0;0;0;1;10.000443826;53.665530026
2;2018;3;20;5;3;2;2;2;0;1;0;0;0;1;0;9.948921833;53.559354868
2;2018;3;5;4;3;5;7;2;0;1;0;0;0;0;0;10.009324277;53.658963392
2;2018;3;19;1;3;5;7;2;0;1;0;0;0;0;0;10.120870671;53.605865301
2;2018;3;8;4;3;4;2;0;1;0;0;0;0;1;0;9.866914882;53.585444099
2;2018;4;8;4;3;4;2;0;1;1;0;0;0;0;0;9.98998821;53.582118595
2;2018;3;7;4;3;2;6;0;0;1;0;0;0;0;0;9.916425629;53.582205465
2;2018;3;14;7;3;0;7;0;0;0;0;0;0;1;1;10.030212236;53.677720404
2;2018;3;18;4;3;0;4;2;0;0;1;0;0;1;0;10.009077857;53.552172634
2;2018;4;13;4;2;0;2;0;0;0;0;0;0;1;0;10.016810062;53.486014392
2;2018;3;17;3;3;3;6;0;0;1;0;0;1;0;0;9.912195604;53.513923465
2;2018;3;9;7;3;2;6;0;0;1;0;0;0;0;0;10.109186143;53.541716552
2;2018;3;5;3;3;5;2;1;1;1;0;0;0;0;1;9.9911859;53.500691857
2;2018;3;14;3;3;1;7;0;0;1;0;0;0;0;0;10.174868879;53.479643748
2;2018;3;16;4;3;2;6;0;0;1;0;0;0;0;1;10.033030229;53.573283663
2;2018;3;10;3;3;1;6;0;0;0;0;0;0;1;0;10.106944343;53.542795162
2;2018;4;8;6;3;5;3;0;1;1;0;0;0;0;0;9.957655325;53.580493185
2;2018;3;12;1;3;5;3;0;0;1;0;0;0;0;0;10.002335446;53.557121438
2;2018;3;16;3;3;2;6;0;0;0;0;0;1;1;0;10.047285118;53.540820863
2;2018;4;8;3;3;4;7;0;0;1;0;0;0;0;1;10.112205944;53.606957303
2;2018;3;7;3;3;1;6;0;0;1;0;0;0;0;0;10.152547515;53.603848926
2;2018;3;2;6;3;1;5;2;0;1;0;0;1;0;0;10.023240895;53.506535321
2;2018;3;10;3;3;0;1;0;0;0;0;1;0;0;0;10.175411871;53.606918381
2;2018;3;17;3;3;0;7;0;1;0;0;0;0;0;0;10.161194272;53.510153644
2;2018;3;11;3;3;8;7;0;0;0;0;1;0;0;0;10.134948995;53.619169753
2;2018;3;15;3;3;3;2;0;0;1;0;0;0;0;0;10.15227636;53.616040231
2;2018;3;12;4;3;2;2;0;0;1;0;0;0;0;1;9.965441278;53.551047798
2;2018;3;11;3;3;3;6;0;0;1;0;0;0;1;0;10.06672713;53.584073748
2;2018;4;14;6;3;6;4;0;1;0;1;0;0;0;0;9.994333094;53.550450692
2;2018;3;15;7;3;5;2;0;0;1;0;0;0;0;0;9.95485684;53.548586919
2;2018;3;14;5;3;3;6;0;0;1;0;0;0;0;0;9.969708103;53.567755131
2;2018;3;11;3;3;2;6;0;0;1;0;0;1;0;0;10.0614185;53.570689697
2;2018;4;16;3;3;6;4;0;0;1;1;0;0;0;0;9.802378229;53.576436076
2;2018;3;19;3;3;6;2;2;0;1;1;0;0;0;0;10.058482867;53.576249669
2;2018;3;7;3;3;2;6;0;0;1;0;0;0;1;1;10.081969723;53.620625761
2;2018;3;17;6;3;3;6;0;1;1;0;0;0;0;0;9.990044696;53.543301035
2;2018;3;16;3;3;1;5;0;0;1;0;0;0;0;0;10.034403856;53.60597125
2;2018;3;13;6;2;4;7;0;0;1;0;0;0;0;0;10.077674184;53.575662627
2;2018;3;8;3;3;2;6;0;0;1;0;0;1;0;1;9.907229615;53.587455627
2;2018;3;17;5;3;3;6;1;0;1;0;0;0;1;1;9.996463253;53.543712189
2;2018;3;7;3;3;5;3;0;1;1;0;0;0;0;0;10.005589216;53.580415808
2;2018;4;17;5;3;2;6;0;0;1;0;0;0;0;1;10.03349097;53.573604048
2;2018;3;10;3;3;1;7;0;0;1;0;0;0;0;0;10.000070405;53.601531812
2;2018;4;13;2;2;2;6;0;0;1;0;0;0;1;0;9.981457068;53.54404936
2;2018;3;9;3;3;5;3;0;0;1;0;0;0;0;0;9.938647709;53.582301885
2;2018;3;18;6;2;0;3;1;0;1;0;1;0;0;0;10.025634931;53.543634896
2;2018;4;9;5;3;1;6;0;0;1;0;0;0;0;0;10.073225955;53.608743837
2;2018;3;14;3;2;6;4;0;0;1;1;0;0;0;0;9.932917505;53.550340486
2;2018;4;13;3;3;0;7;0;1;1;0;0;0;0;0;9.981812415;53.554366207
2;2018;3;5;3;3;2;6;0;1;0;0;0;0;1;2;9.941460747;53.547967189
2;2018;3;17;3;3;2;6;0;0;1;0;0;1;0;0;9.923962973;53.516097832
2;2018;3;17;5;3;6;7;0;0;1;1;0;0;0;1;10.021513821;53.544546089
2;2018;3;8;2;3;1;5;0;0;1;0;0;0;1;0;9.984625304;53.458202729
2;2018;3;17;6;3;4;2;0;1;1;0;0;0;0;0;10.036968769;53.61147066
2;2018;3;13;2;3;5;3;0;1;0;0;0;0;1;0;10.190346271;53.504146061
2;2018;3;7;2;3;2;2;0;0;1;0;0;0;0;0;10.082942833;53.555341242
2;2018;4;15;5;3;2;6;0;0;1;0;1;0;0;1;9.984141412;53.557882843
2;2018;3;11;2;3;8;1;0;0;1;0;0;0;0;0;10.069738375;53.55848525
2;2018;4;19;1;3;4;2;0;1;1;0;0;0;0;0;9.955128455;53.561249462
2;2018;3;5;2;3;6;4;2;0;1;1;0;0;0;0;10.065223382;53.530515481
2;2018;3;14;2;3;2;6;0;0;1;0;0;0;0;0;10.008949767;53.548017857
2;2018;3;11;4;3;1;5;0;0;1;0;0;0;0;1;10.10509153;53.571729112
2;2018;3;12;2;3;5;3;0;0;1;1;0;0;0;0;10.060831141;53.570506388
2;2018;4;18;6;3;1;6;0;1;1;0;0;0;0;0;10.01187896;53.579275405
2;2018;3;11;2;3;1;6;0;0;1;0;0;0;0;0;10.023086673;53.629287243
2;2018;3;9;2;3;5;3;0;1;1;0;0;0;0;0;10.031243886;53.565151285
2;2018;3;8;5;3;6;4;0;0;1;1;0;0;0;2;10.091300989;53.568803773
2;2018;3;13;2;3;3;6;0;0;1;0;0;0;1;0;9.852526735;53.584356711
2;2018;3;10;2;3;0;5;0;0;1;0;1;0;0;0;9.995035215;53.570965494
2;2018;3;12;2;3;2;6;0;0;1;0;0;1;0;0;9.91822368;53.571028374
2;2018;4;9;4;3;0;3;0;1;1;0;0;0;0;0;10.054852418;53.631174159
2;2018;3;17;2;3;6;4;0;0;1;1;0;0;0;0;9.972306207;53.577976513
2;2018;3;3;7;3;0;7;2;1;0;0;0;0;0;0;10.065409892;53.571411318
2;2018;3;11;2;3;1;5;0;0;1;0;1;0;0;0;9.95466541;53.5827628
2;2018;3;16;2;3;3;6;0;1;1;0;0;0;0;0;9.988633713;53.572351434
2;2018;3;21;4;3;4;7;2;0;1;0;0;0;0;1;9.953345581;53.623787371
2;2018;3;16;6;3;4;6;0;0;0;0;1;0;1;0;10.08704426;53.601388863
2;2018;3;7;6;3;6;7;0;0;1;1;0;0;0;0;9.993216147;53.447002152
2;2018;3;15;2;3;6;4;0;0;0;1;0;0;1;0;9.988887164;53.57865136
2;2018;4;9;6;3;5;3;0;1;0;0;0;0;0;0;9.943019122;53.559988139
2;2018;3;14;7;3;2;6;0;0;1;0;0;0;0;0;10.063467619;53.571105446
2;2018;3;15;2;3;1;5;0;0;1;0;0;0;0;0;9.966813953;53.550484296
2;2018;4;6;3;3;5;6;0;0;1;0;0;0;0;1;10.06775788;53.582327221
2;2018;3;12;1;3;1;7;0;1;1;0;0;0;0;0;10.062285065;53.638213483
2;2018;3;19;2;3;5;3;2;0;0;0;0;0;1;0;10.009987855;53.552270622
2;2018;4;8;3;3;0;3;0;1;0;0;0;0;1;1;9.981291715;53.425565541
2;2018;3;8;2;3;4;6;0;1;1;0;0;0;0;0;10.020677024;53.55445168
2;2018;3;14;7;3;0;7;0;1;0;0;0;0;1;1;9.86329863;53.600588067
2;2018;3;7;2;3;4;2;0;0;1;0;0;0;0;0;9.979752645;53.527727236
2;2018;3;16;1;2;4;6;0;0;1;0;0;0;0;0;10.130870002;53.547159525
2;2018;3;8;4;3;3;2;0;1;1;0;0;0;0;1;9.989986201;53.559891958
2;2018;3;8;6;3;5;3;0;0;1;0;0;0;1;0;10.080192859;53.607855257
2;2018;3;17;1;3;5;3;0;0;1;0;0;0;1;0;10.123195353;53.627072058
2;2018;4;18;5;3;7;7;0;1;0;0;0;0;0;0;10.080804478;53.559965457
2;2018;3;9;5;3;3;2;0;1;0;0;0;0;0;1;9.986928061;53.549061169
2;2018;3;13;1;3;2;6;0;0;1;0;0;0;0;0;10.122089779;53.666378234
2;2018;4;9;3;3;3;6;0;0;1;0;0;1;0;1;9.918105728;53.579784287
2;2018;3;14;1;3;1;5;0;1;1;0;0;0;0;0;9.942752298;53.578971777
2;2018;3;4;1;3;6;4;2;0;0;1;0;0;1;0;9.956538017;53.549703413
2;2018;3;20;5;2;6;6;2;0;1;1;0;0;0;0;10.207677743;53.463771841
2;2018;3;6;6;3;2;6;0;0;1;0;1;0;0;0;9.822507394;53.583431753
2;2018;3;16;7;2;6;7;0;1;0;1;0;0;0;0;10.215346914;53.486486042
2;2018;3;16;7;3;4;1;0;0;1;0;0;0;0;0;10.1266219;53.589381605
2;2018;3;12;7;3;6;4;0;0;1;1;0;0;0;0;10.016773582;53.561996933
2;2018;3;20;6;3;0;6;2;0;1;0;0;0;1;0;10.084793588;53.553513649
2;2018;3;0;7;3;4;2;2;0;1;0;0;0;1;0;9.931409905;53.55701656
2;2018;3;9;3;3;6;2;0;0;1;1;0;0;0;0;10.076637438;53.615932994
2;2018;3;6;6;3;5;3;0;0;1;0;1;0;0;1;9.902451676;53.565692227
2;2018;3;18;6;2;2;1;2;0;1;0;1;0;0;0;10.060945773;53.570341114
2;2018;4;7;5;3;5;3;0;1;1;0;0;0;0;1;10.023612855;53.626446885
2;2018;3;19;6;2;6;4;2;0;1;1;0;0;0;0;10.026135421;53.605868835
2;2018;4;18;2;3;0;7;1;1;0;0;0;0;0;0;10.138051651;53.600132936
2;2018;3;15;6;3;1;7;0;0;1;0;0;0;1;0;10.047048606;53.584896838
2;2018;3;15;6;3;1;6;0;0;1;0;0;0;0;0;9.902210059;53.606571661
2;2018;3;11;5;3;0;7;0;0;0;0;0;0;1;0;10.132233585;53.57111953
2;2018;3;11;6;3;0;3;0;1;1;0;0;0;0;0;9.924173947;53.631361582
2;2018;3;7;6;3;4;2;0;0;1;0;0;0;0;0;9.943153687;53.593415318
2;2018;3;14;2;3;2;6;0;0;1;0;0;0;0;0;10.149535358;53.60523159
2;2018;3;18;6;3;4;2;2;0;1;0;0;0;0;0;9.917649844;53.548429412
2;2018;3;14;6;3;2;6;0;0;1;0;0;0;0;0;9.967859716;53.612990007
2;2018;4;13;5;3;3;2;0;1;1;0;0;0;0;0;9.996824125;53.548461845
2;2018;3;9;3;3;5;3;0;1;1;0;0;0;0;0;9.948386686;53.56139782
2;2018;3;4;6;3;6;6;2;1;0;1;0;0;0;0;9.962475393;53.549253943
2;2018;4;7;5;3;1;6;0;0;1;0;0;0;1;1;9.87577065;53.588708937
2;2018;3;23;6;3;4;2;2;0;1;0;0;0;0;0;9.989350002;53.558296167
2;2018;4;4;1;2;9;1;2;0;1;0;0;0;0;0;10.179901476;53.496092701
2;2018;3;18;6;3;2;6;0;0;1;0;0;0;0;0;9.98863779;53.555369643
2;2018;3;19;5;3;5;3;2;0;1;0;0;0;0;0;10.114320452;53.615345897
2;2018;3;8;5;3;2;6;0;0;1;0;0;0;1;2;9.887148188;53.601065277
2;2018;3;12;6;3;0;7;0;0;1;0;0;0;1;0;9.924726726;53.550872223
2;2018;3;18;5;2;6;4;2;0;1;1;0;0;0;0;9.934834823;53.582922382
2;2018;3;14;1;3;2;6;0;0;1;0;0;0;0;0;10.198584855;53.500744446
2;2018;3;9;5;3;0;7;0;0;0;0;0;0;1;0;9.855919564;53.582975487
2;2018;4;20;4;3;0;7;2;0;0;0;1;0;0;1;9.908083978;53.632571756
2;2018;3;16;5;3;2;6;0;0;1;0;0;0;0;0;9.89811425;53.571124762
2;2018;3;21;7;2;5;3;2;0;1;0;0;0;0;1;10.060389595;53.584930487
2;2018;3;15;5;3;5;3;0;0;1;0;0;0;0;0;9.913425671;53.634058253
2;2018;3;19;5;3;0;7;2;0;1;0;1;0;0;0;9.950108865;53.547384176
2;2018;3;22;4;2;6;3;2;0;1;1;0;0;0;1;9.948565316;53.573654431
2;2018;3;14;5;3;2;6;0;0;1;0;0;0;0;0;9.950658855;53.546343608
2;2018;4;17;1;3;5;3;0;1;1;0;0;0;0;0;9.966049944;53.562352029
2;2018;3;17;5;3;0;7;0;1;1;0;0;0;0;0;10.014084733;53.55269979
2;2018;3;17;4;3;2;6;1;0;1;0;0;0;0;0;10.205451515;53.492555589
2;2018;3;7;4;3;5;3;0;1;1;0;0;0;0;1;10.10845548;53.647759591
2;2018;3;7;6;3;2;6;0;0;1;0;0;0;0;0;9.936610595;53.547774974
2;2018;3;17;4;3;2;6;0;0;1;0;0;0;0;0;10.126954817;53.574898287
2;2018;4;7;6;3;5;2;0;1;1;0;0;0;0;0;9.866929436;53.585447948
2;2018;3;1;1;3;1;5;2;1;1;0;0;0;0;1;10.004528257;53.600160337
2;2018;3;12;4;3;1;5;0;0;1;0;0;0;0;0;10.069733793;53.597349082
2;2018;4;13;3;2;2;6;0;0;1;1;0;0;0;0;10.102039363;53.580741766
2;2018;3;16;4;3;0;3;0;0;1;0;1;0;0;0;10.161913849;53.650224622
2;2018;3;8;7;3;1;5;0;0;1;0;0;0;1;0;9.930300503;53.553710752
2;2018;3;9;4;3;5;3;0;1;1;0;0;0;0;0;10.00787234;53.585777557
2;2018;3;14;4;3;2;6;0;0;1;0;0;1;0;1;9.966149106;53.507451094
2;2018;3;16;6;3;4;2;0;1;1;0;0;0;0;0;9.932547906;53.557285874
2;2018;3;8;4;3;3;6;0;0;1;0;0;0;1;0;10.020536495;53.583977847
2;2018;4;16;5;2;4;2;0;0;1;0;0;0;0;0;10.154419271;53.612587587
2;2018;3;18;6;3;5;3;2;0;1;0;0;0;0;0;9.994035933;53.558817331
2;2018;3;13;4;3;3;6;0;0;1;0;0;0;1;0;9.976040363;53.552713732
2;2018;4;15;6;3;2;6;0;0;1;0;1;0;0;0;9.986041015;53.549907969
2;2018;3;22;7;2;6;7;2;0;0;1;0;0;1;0;9.934165234;53.551852068
2;2018;3;13;3;3;6;2;0;0;1;1;0;0;0;1;9.984425303;53.433069846
2;2018;4;5;3;3;1;5;2;0;1;0;0;0;0;1;9.896011116;53.619273565
2;2018;3;19;3;3;0;6;2;0;1;1;0;0;0;0;10.110682836;53.459537839
2;2018;3;16;3;3;4;7;0;0;1;0;0;0;0;0;10.045814942;53.662453491
2;2018;3;19;6;3;6;4;0;0;0;1;0;0;1;0;9.977398137;53.57757656
2;2018;3;6;6;2;5;3;1;1;1;0;0;0;0;0;9.95794375;53.553184355
2;2018;3;0;3;3;8;1;2;0;1;0;0;0;0;1;10.03275248;53.622746069
2;2018;3;11;3;3;5;3;0;1;1;0;0;0;0;0;9.821386163;53.57654262
2;2018;3;16;5;2;0;3;0;0;1;0;1;0;0;1;10.104588328;53.551843362
2;2018;3;16;3;2;6;4;0;1;0;1;0;0;0;0;9.99689515;53.598449345
2;2018;3;17;6;3;8;1;0;0;1;0;0;0;0;0;10.168115114;53.593976372
2;2018;4;7;5;3;4;2;0;1;1;0;0;0;0;1;10.007424564;53.586740692
2;2018;3;18;3;3;5;3;0;0;1;0;0;0;1;0;10.041678219;53.598791439
2;2018;4;21;2;3;3;6;2;0;1;0;0;0;0;1;9.93953704;53.552048916
2;2018;3;13;3;3;2;2;0;0;1;0;0;0;0;0;9.909812607;53.553456587
2;2018;3;11;3;3;8;7;0;0;1;0;0;0;0;0;9.914949934;53.627687018
2;2018;3;14;5;3;6;4;0;0;1;1;0;0;0;0;10.12531991;53.570974793
2;2018;3;17;5;3;1;6;0;0;1;0;0;0;0;0;10.124677465;53.586822997
2;2018;3;16;3;3;4;2;0;0;1;0;0;0;0;0;9.919635072;53.637340755
2;2018;4;18;3;3;2;6;0;0;1;0;0;0;0;0;9.98072618;53.567338243
2;2018;3;19;2;3;6;2;2;0;1;1;0;0;0;1;9.990358216;53.455142843
2;2018;3;11;2;3;1;5;0;0;1;0;0;0;1;1;10.019678228;53.489638184
2;2018;3;17;5;2;2;6;0;0;1;0;0;0;0;1;10.110400746;53.539747778
2;2018;3;6;5;3;5;3;0;0;1;0;0;0;0;1;10.092886788;53.578265288
2;2018;3;13;2;2;0;5;0;0;1;0;0;0;1;1;10.057756413;53.583661091
2;2018;3;7;2;3;5;3;0;1;1;0;0;0;0;0;10.01205387;53.494178503
2;2018;3;9;5;3;5;3;0;0;1;0;0;0;0;1;10.073867723;53.594598568
2;2018;3;8;2;3;1;5;0;1;1;0;0;0;0;0;10.003517444;53.57946052
2;2018;4;23;5;3;4;2;2;0;1;0;0;0;0;0;9.965656703;53.565404658
2;2018;3;13;2;3;0;7;0;0;1;0;0;1;0;1;10.058815719;53.570023802
2;2018;3;23;7;3;6;4;2;0;1;1;0;0;0;0;10.006127823;53.550349498
2;2018;4;15;1;3;2;6;0;0;1;0;0;0;1;0;10.067185466;53.63990455
2;2018;3;12;2;3;5;3;0;0;1;0;0;0;0;1;10.055928826;53.591487543
2;2018;3;13;2;3;3;1;0;1;0;0;0;0;1;1;10.036922051;53.565307374
2;2018;3;16;5;3;1;6;0;0;1;0;0;0;0;1;9.966751956;53.559953699
2;2018;3;7;5;3;6;4;1;0;0;1;0;0;1;0;10.059733679;53.609608426
2;2018;3;20;2;3;2;6;2;0;1;0;0;0;0;1;9.910227647;53.554279331
2;2018;4;12;6;3;5;2;0;0;1;0;0;0;0;0;10.010004511;53.611636198
2;2018;3;6;1;2;8;1;2;0;1;0;0;0;0;0;10.102827652;53.605455031
2;2018;3;19;5;3;3;2;2;1;1;0;0;0;0;0;10.100801944;53.651618293
2;2018;3;21;2;2;6;4;2;0;0;1;0;0;1;1;9.973168907;53.612697891
2;2018;4;8;4;3;6;7;0;0;1;1;0;0;0;0;9.994104695;53.539757008
2;2018;3;12;2;3;4;7;0;0;1;0;0;0;0;1;9.95194751;53.582179792
2;2018;3;12;2;3;0;3;0;1;0;1;0;0;0;0;9.95578678;53.624918527
2;2018;3;15;5;3;5;3;0;1;1;0;0;0;0;1;10.030759716;53.586504961
2;2018;3;17;2;3;2;6;0;0;1;0;0;0;0;1;9.972358278;53.581576261
2;2018;4;8;4;3;2;6;0;0;0;0;0;0;1;0;10.095548381;53.531417932
2;2018;3;18;2;3;3;6;2;1;1;0;0;0;0;1;9.936512196;53.551388831
2;2018;3;12;7;3;2;6;0;0;1;0;0;0;0;1;10.086853622;53.577663987
2;2018;3;17;1;3;5;3;0;0;1;0;0;0;0;0;10.196005339;53.476288954
2;2018;3;7;1;3;1;5;0;0;0;0;0;1;1;1;10.084834034;53.531502353
2;2018;3;17;4;3;2;6;0;0;1;0;0;0;0;1;10.058476009;53.590331742
2;2018;3;11;5;3;2;6;0;0;1;0;0;0;0;1;10.024872441;53.566175435
2;2018;3;17;1;3;6;2;0;0;1;1;0;0;0;0;10.024691496;53.553570625
2;2018;4;16;6;3;5;7;0;1;1;0;0;0;0;0;9.97577753;53.585007797
2;2018;3;15;7;2;6;7;0;0;1;1;0;0;0;0;9.989946871;53.515546158
2;2018;3;13;1;3;5;3;0;0;1;0;1;0;0;0;10.123804397;53.569520216
2;2018;4;17;3;3;2;6;0;0;1;0;0;0;0;0;10.147608716;53.585271665