ULAND;UJAHR;UMONAT;USTUNDE;UWOCHENTAG;UKATEGORIE;UART;UTYP1;ULICHTVERH;IstRad;IstPKW;IstFuss;IstKrad;IstGkfz;IstSonstig;STRZUSTAND;XGCSWGS84;YGCSWGS84
2;2018;5;8;3;3;5;3;0;1;1;0;0;0;0;0;10.011489524;53.649147024
2;2018;5;8;2;3;6;4;0;1;0;1;0;0;0;0;10.012443177;53.573932459
2;2018;6;12;4;3;9;7;0;0;1;0;0;0;1;0;9.940153637;53.641378131
2;2018;6;20;2;3;1;5;0;1;1;0;0;0;0;0;10.087778185;53.582283506
2;2018;6;18;2;3;2;6;0;0;1;0;0;0;1;1;10.107032088;53.573060293
2;2018;6;9;2;3;5;2;0;1;1;0;0;0;0;0;10.145850061;53.594319901
2;2018;6;17;2;3;0;4;0;0;1;1;0;0;0;0;10.080717122;53.601197244
2;2018;6;16;2;3;0;7;0;1;0;0;0;0;1;0;10.009545395;53.55613998
2;2018;6;12;7;2;2;6;0;0;1;0;0;0;0;1;9.979035118;53.597383799
2;2018;6;9;2;3;2;6;0;0;1;0;0;0;0;0;10.076617128;53.660817908
2;2018;6;16;6;3;0;7;0;1;0;0;0;0;0;0;10.021145173;53.669396895
2;2018;6;8;5;3;5;2;0;1;1;0;0;0;0;0;9.915830315;53.56082494
2;2018;6;18;2;3;2;6;0;0;1;0;0;0;0;0;10.01862364;53.624334099
2;2018;6;12;2;3;4;2;0;0;1;0;0;0;0;0;10.014860862;53.649385729
2;2018;6;21;5;3;2;6;1;0;1;0;0;0;0;0;10.00583451;53.548791101
2;2018;6;15;2;2;5;2;0;0;1;0;0;0;0;0;9.993914446;53.599227288
2;2018;6;9;4;3;1;5;0;1;1;0;0;0;0;0;10.001851577;53.547892705
2;2018;6;10;2;3;5;3;0;1;1;0;0;0;0;0;10.001664705;53.580955908
2;2018;6;18;2;3;2;2;1;0;1;0;0;0;0;1;9.875584261;53.605140973
2;2018;6;8;2;3;3;6;0;1;1;0;0;0;0;0;9.844700964;53.553990032
2;2018;6;14;7;3;5;3;0;1;1;0;0;0;0;0;10.137064023;53.592718325
2;2018;6;10;6;3;1;5;0;0;1;0;0;0;0;0;10.077234334;53.557161597
2;2018;6;15;2;3;5;2;0;1;1;0;0;0;0;0;9.948114248;53.639894936
2;2018;6;3;6;3;5;3;1;0;1;0;0;0;0;0;9.990635735;53.560475707
2;2018;6;22;4;3;5;7;2;1;1;0;0;0;0;0;10.026612282;53.553955503
2;2018;6;18;7;3;4;2;1;0;1;0;0;0;0;1;10.015889857;53.55524254
2;2018;6;13;2;3;5;7;0;1;1;0;0;0;0;0;9.962418582;53.575244188
2;2018;6;18;6;3;0;7;0;1;1;0;0;0;0;0;10.039957283;53.567334129
2;2018;6;16;4;3;5;2;0;1;1;0;0;0;0;0;10.132025076;53.603526609
2;2018;6;16;5;3;3;7;0;0;1;0;0;0;1;1;9.970246507;53.557281426
2;2018;6;13;4;3;0;7;0;0;1;0;0;0;0;0;10.015264771;53.584938046
2;2018;6;13;2;3;1;5;0;1;1;0;0;0;0;0;9.939464052;53.55769956
2;2018;6;8;2;3;3;2;0;1;1;0;0;0;0;0;9.950042447;53.557021473
2;2018;6;13;3;3;3;6;0;1;0;0;0;1;0;0;10.055454144;53.531655968
2;2018;6;20;2;3;1;5;0;1;0;0;1;0;0;0;9.919402148;53.558437044
2;2018;6;2;1;3;4;6;2;0;1;0;0;0;0;1;10.113499;53.607203609
2;2018;6;19;2;3;2;6;0;0;1;0;0;0;0;0;9.99658823;53.546239066
2;2018;6;21;7;3;6;7;1;1;1;1;0;0;0;0;9.965695169;53.561666201
2;2018;6;10;6;3;2;6;0;0;1;0;0;0;0;1;10.085191913;53.656994077
2;2018;6;16;1;3;5;7;0;0;1;0;0;0;0;0;9.891150735;53.47784042
2;2018;6;10;5;2;1;6;0;1;0;0;0;0;1;0;10.205397719;53.502099736
2;2018;6;15;4;3;5;2;0;0;1;0;0;0;0;0;10.072530159;53.608679771
2;2018;6;17;1;3;5;3;0;1;1;0;0;0;0;0;9.883659486;53.47701947
2;2018;6;15;3;3;5;3;0;0;1;0;0;0;0;0;10.005737983;53.548257038
2;2018;6;15;3;3;5;3;0;1;1;0;0;0;0;0;9.913886992;53.554070127
2;2018;6;12;1;3;5;3;0;1;1;0;0;0;0;0;10.10644819;53.572078416
2;2018;6;11;2;3;6;4;0;0;1;1;0;0;0;0;10.010012572;53.649072534
2;2018;6;15;7;3;5;3;0;0;1;0;0;0;0;1;10.087010094;53.57765602
2;2018;6;11;1;3;5;2;0;0;1;0;0;0;1;0;10.082509348;53.571133889
2;2018;6;13;3;2;6;4;0;1;0;1;0;0;0;0;10.111476859;53.653855159
2;2018;6;16;1;3;1;5;0;0;1;0;0;0;0;0;10.09051352;53.609829815
2;2018;6;15;1;3;6;7;0;0;1;1;0;0;0;0;9.989512268;53.56160186
2;2018;6;15;1;3;0;1;0;1;0;0;0;0;0;1;9.822800065;53.58172214
2;2018;6;16;6;3;0;1;0;0;0;0;1;0;0;0;10.07868104;53.50035518
2;2018;6;8;6;3;2;6;0;0;1;0;0;0;0;1;10.033283958;53.573838115
2;2018;6;12;6;3;5;7;0;1;1;0;0;0;0;0;9.989204486;53.558463444
2;2018;6;23;1;2;0;7;2;1;0;0;0;0;0;0;9.898136448;53.571203962
2;2018;6;22;5;2;6;4;2;0;0;1;1;0;0;0;10.00949181;53.648440734
2;2018;6;7;4;3;2;2;0;1;1;0;0;0;0;0;10.029946443;53.575822814
2;2018;6;3;1;3;3;7;2;1;1;0;0;0;0;0;9.970619258;53.551584974
2;2018;6;20;2;3;2;7;0;1;1;0;0;0;0;1;10.056985271;53.563911768
2;2018;6;14;3;3;6;7;0;0;1;1;0;0;0;0;10.011620507;53.552538203
2;2018;6;22;7;2;8;1;1;0;0;0;1;0;0;0;10.006195288;53.468720733
2;2018;6;16;2;3;2;6;0;0;1;0;0;1;0;1;10.053199994;53.592683133
2;2018;6;15;7;3;4;2;0;1;1;0;0;0;0;1;9.905540299;53.562500808
2;2018;6;0;7;3;6;7;2;0;1;1;0;0;0;0;9.976831707;53.456126232
2;2018;6;12;6;2;0;4;0;1;0;1;0;0;0;0;10.097672865;53.634841353
2;2018;6;10;5;3;1;1;0;0;1;0;0;0;0;0;10.028512628;53.570634434
2;2018;6;22;7;3;4;2;2;0;1;0;0;0;0;0;10.041716356;53.534216014
2;2018;6;12;7;3;3;2;0;1;0;0;0;0;0;0;10.070110571;53.575955144
2;2018;6;15;6;3;5;3;0;0;1;0;0;0;0;0;10.076192523;53.589276019
2;2018;6;12;6;3;6;7;0;0;1;1;0;0;0;0;9.9516985;53.640680586
2;2018;6;16;5;3;2;2;0;0;1;0;0;0;0;1;10.076520129;53.615953218
2;2018;6;18;7;3;4;6;0;1;0;0;0;0;0;0;10.087771146;53.683480968
2;2018;6;14;5;3;6;4;0;0;1;1;0;0;0;0;9.853989402;53.584098838
2;2018;6;8;7;3;6;6;0;1;0;1;0;0;0;0;9.995924143;53.583847
2;2018;6;17;4;3;1;7;0;1;1;0;0;0;0;0;9.984111201;53.598834784
2;2018;6;21;4;3;3;6;2;0;1;0;0;0;0;0;10.035362724;53.574880999
2;2018;6;8;7;3;5;3;0;0;1;0;0;0;0;1;9.812588997;53.563262454
2;2018;6;15;2;3;4;2;0;0;1;0;0;0;0;0;10.100571325;53.584642594
2;2018;6;7;2;3;2;6;0;0;1;0;0;0;0;0;10.035974539;53.60810705
2;2018;6;13;7;3;6;4;0;0;1;1;0;0;0;0;9.946954722;53.578412531
2;2018;6;6;1;3;2;6;0;0;1;0;0;0;0;1;10.081947735;53.576512182
2;2018;6;11;7;3;5;6;0;0;1;0;0;0;0;0;9.953729323;53.547185598
2;2018;6;23;7;2;6;4;2;0;1;1;0;0;0;0;9.92869288;53.556276298
2;2018;6;13;6;3;5;3;0;1;1;0;0;0;0;0;9.996306788;53.593885771
2;2018;6;17;4;2;4;2;0;1;1;0;0;0;0;0;10.091775682;53.598600453
2;2018;6;17;5;3;2;6;0;0;1;0;0;0;0;1;9.965600546;53.569346697
2;2018;6;8;4;3;5;3;0;1;1;0;0;0;0;0;10.053927013;53.572653442
2;2018;6;1;7;3;5;7;2;1;1;0;0;0;0;0;9.928198114;53.556485744
2;2018;6;17;7;3;5;7;0;1;1;0;0;0;0;0;9.972154811;53.563990393
2;2018;6;4;7;3;6;7;1;0;1;1;0;0;0;0;9.957184566;53.549874421
2;2018;6;19;3;3;0;7;0;0;0;1;0;0;1;0;10.158696249;53.489849891
2;2018;6;11;6;3;5;3;0;0;1;0;0;0;1;0;9.85440061;53.470476192
2;2018;6;8;2;3;5;3;0;0;1;0;0;0;0;0;9.914868764;53.557830626
2;2018;6;10;4;3;2;6;0;0;1;0;0;0;0;0;10.104168613;53.544115409
2;2018;6;5;6;3;4;6;0;0;1;0;0;0;0;0;9.869021438;53.512812742
2;2018;6;15;5;3;1;7;0;1;1;0;0;0;0;0;9.928812291;53.553696349
2;2018;6;13;6;3;3;2;0;1;1;0;0;0;0;0;9.994181546;53.466595725
2;2018;6;22;4;3;0;2;2;0;1;0;0;0;1;0;9.964166298;53.557245361
2;2018;6;18;6;2;5;3;0;0;1;0;0;0;0;0;9.989680908;53.45585703
2;2018;6;14;2;3;5;2;0;1;1;0;0;0;0;0;10.040310857;53.567086269
2;2018;6;13;6;3;2;2;0;1;1;0;0;0;0;0;10.010866453;53.501738875
2;2018;6;14;1;3;3;6;0;1;0;0;0;0;1;0;9.992199322;53.549466396
2;2018;6;13;6;2;2;2;0;0;1;0;0;0;0;0;9.98195758;53.520995227
2;2018;6;17;6;2;4;2;0;0;1;0;0;0;0;0;10.186148988;53.489166359
2;2018;6;7;6;3;6;7;0;1;0;1;0;0;0;0;9.86772801;53.599405736
2;2018;6;23;4;3;3;6;2;1;0;0;0;0;0;0;10.004196666;53.580576105
2;2018;6;16;4;3;6;4;0;0;1;1;0;0;0;0;9.878846352;53.533057013
2;2018;6;18;6;3;5;3;0;1;1;0;0;0;0;0;10.210976262;53.507804827
2;2018;6;8;6;3;5;3;0;1;1;0;0;0;0;0;10.124356046;53.570970414
2;2018;6;18;3;3;0;6;0;1;1;0;0;0;0;0;10.075391011;53.613145227
2;2018;6;8;6;3;4;2;0;0;1;0;0;0;1;0;10.140771326;53.629253259
2;2018;6;11;1;3;4;2;0;0;1;0;0;0;0;0;9.994645107;53.602206622
2;2018;6;7;6;3;3;2;0;1;1;0;0;0;0;0;10.077337422;53.616926975
2;2018;6;9;6;3;2;6;0;0;1;0;0;0;1;0;9.854719642;53.467760701
2;2018;6;16;6;3;5;3;0;0;1;0;1;0;0;0;10.025728044;53.639485404
2;2018;6;8;6;3;3;2;0;0;1;0;1;0;0;0;10.030038353;53.677567349
2;2018;6;16;7;3;5;3;0;1;1;0;0;0;0;0;10.109702977;53.622895536
2;2018;6;8;6;3;0;3;0;0;1;0;1;0;0;1;10.088838342;53.586918983
2;2018;6;13;6;3;5;2;0;1;1;0;0;0;0;0;10.023667762;53.664472156
2;2018;6;7;5;3;2;6;0;0;1;0;0;0;0;0;9.99128677;53.460049243
2;2018;6;11;4;3;2;7;0;0;0;0;1;0;1;0;10.152215677;53.596040401
2;2018;6;15;6;3;0;7;0;1;0;0;0;0;1;0;10.003169182;53.610274955
2;2018;6;22;3;3;3;7;2;0;1;0;1;0;0;0;9.941530503;53.564392694
2;2018;6;16;3;3;2;6;0;0;1;0;0;0;0;0;10.025266061;53.6019423
2;2018;6;7;6;3;5;2;0;1;1;0;0;0;0;0;10.013926329;53.599876337
2;2018;6;20;7;2;5;3;0;0;0;0;0;0;1;1;10.025893634;53.551335126
2;2018;6;16;6;2;0;3;0;1;1;0;0;0;0;0;10.040288562;53.580410362
2;2018;6;16;6;3;6;4;0;0;1;1;0;0;0;0;10.136640859;53.578291095
2;2018;6;10;6;3;0;3;0;1;1;0;0;0;0;0;9.898431413;53.610087479
2;2018;6;14;5;3;1;6;0;0;1;0;0;0;0;0;10.094461792;53.542710399
2;2018;6;15;4;3;2;6;0;0;1;0;0;0;0;0;9.9558724;53.561711792
2;2018;6;22;4;3;3;6;2;0;1;0;0;0;0;0;10.013813024;53.54851917
2;2018;6;12;6;3;5;3;0;1;1;0;0;0;0;0;10.035339392;53.575112572
2;2018;6;2;5;3;9;7;2;0;1;0;0;0;0;0;10.019278677;53.606601623
2;2018;6;20;4;3;0;6;0;0;1;0;1;0;0;0;9.89922808;53.592789919
2;2018;6;7;6;3;3;2;0;1;0;0;0;0;1;0;10.011150218;53.575620033
2;2018;6;5;2;3;1;5;0;1;1;0;0;0;0;0;10.120005146;53.578294246
2;2018;6;16;6;3;3;2;0;1;1;0;0;0;0;0;9.944567035;53.575549599
2;2018;6;18;5;3;1;7;0;0;1;0;0;0;0;0;10.040772582;53.602547245
2;2018;6;11;4;2;0;7;0;0;0;0;1;0;0;0;10.127377511;53.676967191
2;2018;6;18;6;3;0;7;0;1;0;0;0;0;0;0;9.966981589;53.587175172
2;2018;6;6;2;3;2;6;0;0;1;0;1;0;0;0;9.907467573;53.512566566
2;2018;6;19;3;3;4;2;0;1;0;0;0;0;0;0;9.973210385;53.564143476
2;2018;6;15;6;3;0;7;0;1;0;0;0;0;0;0;9.945480782;53.593596942
2;2018;6;12;2;3;1;7;0;0;1;0;0;0;0;0;10.042602647;53.597589105
2;2018;6;14;7;3;5;7;0;1;1;0;0;0;0;1;10.097122587;53.638383156
2;2018;6;12;6;3;5;2;0;1;1;0;0;0;0;0;9.951158532;53.582447974
2;2018;6;11;6;2;4;6;0;0;1;0;0;1;0;0;10.045280739;53.667594816
2;2018;6;7;6;3;2;6;0;0;1;0;0;0;0;1;9.987195121;53.603458552
2;2018;6;14;5;3;5;3;0;0;1;0;0;0;1;1;10.115351217;53.651562053
2;2018;6;13;4;3;6;7;0;0;1;1;0;0;0;0;9.987367309;53.582217753
2;2018;6;8;6;2;0;2;0;0;1;0;1;0;0;0;9.938689088;53.546180245
2;2018;6;17;6;3;3;6;0;0;1;0;0;0;1;0;9.994537238;53.583429908
2;2018;6;0;5;3;1;6;2;0;1;0;0;0;0;0;9.982784272;53.589554537
2;2018;6;10;6;3;4;6;0;1;0;0;0;0;0;0;9.99357264;53.55838245
2;2018;6;9;4;3;4;6;0;1;0;0;0;0;0;0;9.961884151;53.576330773
2;2018;6;7;4;3;5;3;0;1;1;0;0;0;0;0;9.848644047;53.578047308
2;2018;6;8;6;3;6;4;0;1;0;1;0;0;0;0;9.995957473;53.559672646
2;2018;6;14;2;3;2;6;0;0;1;0;0;0;0;0;10.01948273;53.654843928
2;2018;6;16;6;3;5;3;0;0;1;0;0;0;0;0;9.957404753;53.554747585
2;2018;6;15;1;3;1;7;0;0;1;0;0;0;0;0;10.042843504;53.579099364
2;2018;6;13;7;3;0;1;0;0;0;0;1;0;0;1;9.978280608;53.553491022
2;2018;6;10;3;2;5;2;0;0;1;0;0;0;1;0;10.053536605;53.493287431
2;2018;6;16;6;3;0;7;0;1;0;1;0;0;0;0;10.008464033;53.558923808
2;2018;6;11;6;3;0;7;0;1;1;0;0;0;0;0;10.009843932;53.578453925
2;2018;6;16;2;3;0;6;0;0;1;1;0;0;0;0;10.213667259;53.488394216
2;2018;6;16;5;3;5;3;0;1;1;0;0;0;0;0;9.974642494;53.459236364
2;2018;6;13;2;3;3;6;0;0;1;0;0;0;0;0;10.000942524;53.555635816
2;2018;6;22;7;3;6;4;2;0;1;1;0;0;0;1;9.954772431;53.59895106
2;2018;6;13;5;3;0;7;0;0;1;0;0;0;0;0;9.97286763;53.424323588
2;2018;6;19;6;3;0;4;0;0;1;1;0;0;0;0;10.015688666;53.648177558
2;2018;6;17;5;3;2;6;0;0;1;0;0;0;1;1;9.851049332;53.549384976
2;2018;6;19;3;3;1;6;0;0;1;0;0;0;0;0;10.131933799;53.52920408
2;2018;6;16;5;2;4;2;0;0;1;0;1;0;0;0;9.992519761;53.509011273
2;2018;6;20;5;3;2;6;0;0;1;1;0;0;0;0;10.206060818;53.494249159
2;2018;6;16;5;3;4;7;0;0;1;0;1;0;0;0;9.994453983;53.564003699
2;2018;6;7;5;3;2;6;0;0;1;0;0;0;0;0;10.01978758;53.550197789
2;2018;6;7;4;3;5;3;0;1;0;0;0;0;0;0;10.007007768;53.545828405
2;2018;6;16;5;3;0;7;0;0;0;0;1;0;0;0;10.180777938;53.629904279
2;2018;6;7;2;3;1;5;0;1;0;0;0;0;1;1;9.87425754;53.605004771
2;2018;6;22;5;3;2;6;1;0;1;0;0;0;0;0;10.085124792;53.571757531
2;2018;6;4;7;3;1;1;2;0;1;0;0;0;0;0;10.056133575;53.557089766
2;2018;6;8;6;3;5;3;0;0;1;0;0;0;0;1;10.080646744;53.560278294
2;2018;6;16;3;3;2;6;0;0;1;0;0;1;0;0;10.052112114;53.53969369
2;2018;6;16;5;2;4;2;0;1;1;0;0;0;0;0;10.059280309;53.573293961
2;2018;6;12;6;3;3;2;0;1;1;0;0;0;0;0;9.985973773;53.582827877
2;2018;6;18;4;3;5;3;0;1;1;0;0;0;0;0;10.17348257;53.444082201
2;2018;6;18;3;3;4;6;0;1;0;0;0;0;0;0;10.162300777;53.60506145
2;2018;6;12;5;3;3;6;0;1;0;0;0;0;0;0;10.090840867;53.631441265
2;2018;6;8;5;3;5;3;0;1;0;0;0;1;0;0;10.053977094;53.605237722
2;2018;6;20;3;3;0;7;0;1;0;0;0;0;0;0;10.106549665;53.64732844
2;2018;6;8;5;3;0;5;0;1;0;0;0;0;1;1;9.982768876;53.56832459
2;2018;6;16;5;3;4;6;0;1;0;0;0;0;0;0;10.080963159;53.619570152
2;2018;6;7;5;3;5;3;0;1;0;0;0;0;0;0;10.050509749;53.638684756
2;2018;6;11;3;3;5;3;0;0;1;0;0;0;0;0;10.036667592;53.554963186
2;2018;6;19;5;3;5;3;1;0;1;0;1;0;0;0;10.167702521;53.649616248
2;2018;6;11;1;3;6;4;0;0;1;1;0;0;0;0;10.170176891;53.47876115
2;2018;6;17;5;3;4;2;0;1;1;0;0;0;0;0;10.007901071;53.614730705
2;2018;6;1;7;3;5;3;2;0;1;0;0;0;0;0;9.895993511;53.625088763
2;2018;6;17;6;3;5;3;0;1;1;0;0;0;0;0;10.186891992;53.644513644
2;2018;6;5;3;3;5;3;0;0;1;0;0;0;0;0;10.100159603;53.589256119
2;2018;6;14;5;3;2;6;0;0;1;0;1;0;0;0;9.991772842;53.665986482
2;2018;6;11;5;3;5;3;0;1;1;0;0;0;0;0;10.211150617;53.483089941
2;2018;6;23;4;3;1;6;2;0;1;0;0;0;0;0;10.065507819;53.585637368
2;2018;6;15;5;3;5;2;0;1;0;0;0;0;1;0;9.935971558;53.573012649
2;2018;6;17;3;3;5;3;0;1;1;0;0;0;0;0;9.979005194;53.554114169
2;2018;6;18;3;3;4;2;0;1;1;0;0;0;0;0;9.902708183;53.563980187
2;2018;6;7;5;3;6;2;0;0;1;1;0;0;0;0;9.868553133;53.599446572
2;2018;6;7;2;3;5;3;0;1;1;0;0;0;0;0;10.016189466;53.639698756
2;2018;6;10;7;3;2;6;0;0;1;0;0;0;0;1;10.082317456;53.579912364
2;2018;6;16;5;3;2;6;0;1;1;0;1;0;0;0;9.934371969;53.546029848
2;2018;6;9;6;3;3;6;0;0;1;0;1;0;0;0;10.074528899;53.57488421
2;2018;6;7;6;3;4;7;0;0;1;0;0;0;1;0;9.904227366;53.592043125
2;2018;6;17;5;3;3;6;0;1;0;0;0;0;1;0;9.938630938;53.54640529
2;2018;6;21;1;3;5;3;1;1;1;0;0;0;0;0;9.969600932;53.571907038
2;2018;6;22;5;3;5;3;2;0;1;0;0;0;0;0;9.986124468;53.577691387
2;2018;6;16;6;3;0;7;0;1;0;0;0;0;0;0;10.011102853;53.520711228
2;2018;6;8;6;3;0;7;0;0;1;1;0;0;0;1;10.019032012;53.572286833
2;2018;6;16;6;3;5;3;0;0;1;0;0;0;1;1;9.984516546;53.548245096
2;2018;6;18;3;3;5;3;0;1;1;0;0;0;0;0;10.164281861;53.605563575
2;2018;6;11;5;3;4;2;0;0;1;0;1;0;0;0;9.977467293;53.564311168
2;2018;6;15;5;2;5;3;0;0;1;0;1;0;0;0;10.184059064;53.657860756
2;2018;6;20;4;3;3;5;0;0;1;0;1;0;0;0;10.041396748;53.587122736
2;2018;6;17;5;3;2;6;0;0;1;0;0;0;0;0;10.007012613;53.548056322
2;2018;6;15;2;3;2;2;0;0;1;0;0;0;0;0;10.068846109;53.559619177
2;2018;6;9;3;3;6;4;0;1;0;1;0;0;0;0;9.995013922;53.550547919
2;2018;6;16;4;3;0;7;0;1;0;0;0;0;1;0;9.895893459;53.506649282
2;2018;6;13;2;3;5;3;0;1;1;0;0;0;0;0;10.026105928;53.5682546
2;2018;6;16;7;3;0;1;0;0;0;0;1;0;0;1;10.052601961;53.58814575
2;2018;6;12;4;3;2;6;0;0;1;0;0;0;0;0;9.9856268;53.456509472
2;2018;6;11;6;3;5;3;0;0;1;0;0;0;0;0;10.094242741;53.650044982
2;2018;6;18;5;3;2;6;0;0;1;0;0;0;0;1;10.012741494;53.599779651
2;2018;6;16;3;3;0;3;0;0;1;0;1;0;0;0;10.138642935;53.608455377
2;2018;6;16;4;3;5;2;0;1;1;0;0;0;0;0;9.94554266;53.46192569
2;2018;6;8;4;3;5;3;0;0;1;0;0;0;0;0;10.015532948;53.518483073
2;2018;6;12;5;3;3;7;0;0;1;0;0;0;1;0;9.968733069;53.585679959
2;2018;6;5;4;3;0;2;0;1;1;0;0;0;0;0;9.985715506;53.510528813
2;2018;6;18;4;3;2;6;0;1;0;0;0;0;0;0;9.946174827;53.557406057
2;2018;6;12;4;3;1;6;0;0;1;0;0;0;0;0;10.092634299;53.513937659
2;2018;6;8;5;3;2;6;0;0;1;0;0;0;1;1;10.070618895;53.571915225
2;2018;6;13;3;3;5;3;0;1;1;0;0;0;0;0;10.062378487;53.585840007
2;2018;6;16;4;3;3;2;0;1;1;0;0;0;0;0;10.113038263;53.575960622
2;2018;6;8;5;3;3;2;0;1;1;0;0;0;0;0;9.933770479;53.592511962
2;2018;6;9;4;3;1;6;0;0;1;0;0;0;0;0;10.123752443;53.569429802
2;2018;6;19;4;3;3;7;0;0;1;0;0;0;0;0;9.940299202;53.573887237
2;2018;6;8;4;3;2;7;0;0;1;0;0;0;1;0;10.08857025;53.631291939
2;2018;6;16;2;2;0;7;0;1;0;0;0;0;0;0;10.090638092;53.572773037
2;2018;6;16;2;3;1;6;0;0;1;0;0;0;1;0;10.077326956;53.565535665
2;2018;6;7;4;3;4;7;0;1;1;0;0;0;0;0;10.123823101;53.638013869
2;2018;6;10;1;3;2;7;0;0;1;0;0;0;0;0;10.156545789;53.614344902
2;2018;6;16;7;2;6;4;0;0;1;1;0;0;0;1;9.993578835;53.558768975
2;2018;6;7;3;3;5;3;0;1;1;0;0;0;0;0;10.10001378;53.569659275
2;2018;6;14;4;3;0;4;0;0;0;1;0;0;1;0;10.031220945;53.650025439
2;2018;6;15;6;3;2;6;0;0;1;0;0;0;0;0;10.031227441;53.598970268
2;2018;6;9;5;3;6;4;0;1;0;1;0;0;0;1;9.903990112;53.569734184
2;2018;6;10;3;3;6;3;0;0;1;1;0;0;0;0;10.028185256;53.569274459
2;2018;6;7;4;2;5;3;0;1;1;0;0;0;0;0;10.025320727;53.669652642
2;2018;6;7;4;2;3;2;0;0;1;0;1;0;0;0;10.081167614;53.538117926
2;2018;6;20;4;3;4;2;0;0;1;0;0;0;0;0;10.035610683;53.574960992
2;2018;6;17;5;3;0;7;0;1;1;0;0;0;0;0;10.015086468;53.555605877
2;2018;6;8;4;3;5;2;0;1;0;0;0;0;0;0;10.019693079;53.565811766
2;2018;6;14;4;3;3;6;0;0;1;0;0;0;1;0;9.947292612;53.50111885
2;2018;6;17;4;3;2;6;0;0;1;0;0;0;0;0;9.915192987;53.610482047
2;2018;6;13;2;3;4;6;0;1;1;0;0;0;0;0;9.868995946;53.55702871
2;2018;6;13;4;3;5;3;0;0;1;0;0;0;1;0;9.86679247;53.581364484
2;2018;6;23;7;3;6;4;2;0;1;1;0;0;0;0;10.078440815;53.584991417
2;2018;6;9;6;3;4;6;0;1;1;0;0;0;0;1;10.062250247;53.555709138
2;2018;6;21;3;3;6;3;1;1;0;1;0;0;0;0;10.037628212;53.573562434
2;2018;6;14;2;3;1;5;0;1;1;0;0;0;0;0;10.038417466;53.592082948
2;2018;6;19;4;3;5;2;0;1;1;0;0;0;0;0;9.888434361;53.601028389
2;2018;6;12;1;3;1;6;0;0;1;0;1;0;0;0;9.980736034;53.567323355
2;2018;6;15;7;3;6;4;0;0;1;1;0;0;0;1;10.008382712;53.553653185
2;2018;6;16;3;3;1;5;0;0;1;0;1;0;0;0;9.949072554;53.562811522
2;2018;6;15;4;3;3;2;0;0;1;0;1;0;0;0;9.874618959;53.58991374
2;2018;6;11;6;3;6;2;0;0;1;1;0;0;0;0;9.754373156;53.581568614
2;2018;6;17;5;3;5;3;0;1;1;0;0;0;0;1;10.024749692;53.554247524
2;2018;6;9;3;3;6;4;0;0;1;1;0;0;0;0;9.954426532;53.551459635
2;2018;6;8;4;3;8;1;0;0;1;0;0;0;0;0;9.932662271;53.615521774
2;2018;6;15;4;3;5;2;0;1;1;0;0;0;0;0;9.965788646;53.565300514
2;2018;6;10;3;2;5;2;0;0;1;0;1;0;0;0;10.065303121;53.578907013
2;2018;6;13;4;3;4;7;0;1;1;0;0;0;0;0;9.996485767;53.550649245
2;2018;6;15;1;3;1;5;0;0;1;0;0;0;0;0;10.110497934;53.62332387
2;2018;6;19;4;3;2;6;0;0;1;0;0;0;0;0;10.180203371;53.496836803
2;2018;6;16;4;3;2;6;0;0;0;0;0;0;1;0;9.966155394;53.506693204
2;2018;6;21;7;3;5;3;1;0;1;0;0;0;0;0;9.989423836;53.558292623
2;2018;6;12;6;3;6;4;0;0;1;1;0;0;0;0;10.163594811;53.650597774
2;2018;6;21;3;3;0;7;2;0;1;0;0;0;1;0;9.97773748;53.577272469
2;2018;6;7;3;3;3;6;0;0;1;0;0;1;0;0;9.893562676;53.516566106
2;2018;6;15;5;2;3;2;0;1;1;0;0;0;0;0;10.12741231;53.586992406
2;2018;6;8;4;3;5;3;0;1;1;0;0;0;0;0;10.125823144;53.644966399
2;2018;6;10;3;3;5;2;0;1;1;0;0;0;0;0;9.997478704;53.578567754
2;2018;6;8;3;3;3;2;0;1;1;0;0;0;0;0;9.973416912;53.452618147
2;2018;6;16;3;3;5;2;0;1;1;0;0;0;0;0;9.981149449;53.466889306
2;2018;6;17;3;3;6;4;0;0;1;1;0;0;0;0;10.228874057;53.484244046
2;2018;6;20;6;3;4;6;0;1;0;0;0;0;0;0;9.986019514;53.558123872
2;2018;6;7;4;2;5;7;0;0;1;0;1;0;0;0;10.122973638;53.610604622
2;2018;6;15;3;3;2;6;0;0;0;0;1;0;1;0;9.993391424;53.558802355
2;2018;6;15;3;3;5;3;0;1;1;0;0;0;0;0;10.029622584;53.552633823