ULAND;UJAHR;UMONAT;USTUNDE;UWOCHENTAG;UKATEGORIE;UART;UTYP1;ULICHTVERH;IstRad;IstPKW;IstFuss;IstKrad;IstGkfz;IstSonstig;STRZUSTAND;XGCSWGS84;YGCSWGS84
2;2018;6;17;3;3;0;3;0;1;0;1;0;0;0;0;10.033297147;53.586603765
2;2018;6;19;3;3;3;2;0;0;1;0;1;0;0;0;10.156352001;53.588009549
2;2018;6;14;7;3;5;3;0;0;1;0;0;1;0;0;10.210999024;53.507709542
2;2018;6;15;3;2;3;2;0;1;1;0;0;0;0;0;10.113654887;53.616263131
2;2018;6;23;6;3;2;6;2;0;1;0;0;0;0;0;10.070976384;53.558637089
2;2018;6;8;6;3;6;4;0;0;1;1;0;0;0;1;10.025634883;53.576370335
2;2018;6;7;5;3;5;3;0;1;1;0;0;0;0;1;9.954130441;53.449629916
2;2018;6;18;2;3;0;7;0;0;1;0;1;0;0;0;10.210252322;53.486585392
2;2018;6;15;3;3;1;5;0;1;1;0;0;0;0;0;10.084824006;53.614016073
2;2018;6;16;5;3;1;5;0;1;1;0;0;0;0;0;10.005574744;53.609277551
2;2018;6;23;4;3;4;2;2;0;1;0;0;0;0;0;9.907109005;53.616274135
2;2018;6;16;3;2;6;4;0;1;0;1;0;0;0;0;10.149977015;53.649359953
2;2018;6;12;2;3;3;7;0;0;1;0;0;0;0;0;10.11757441;53.607068032
2;2018;6;14;2;3;0;7;0;0;0;1;0;1;0;0;9.984505244;53.460647453
2;2018;6;22;3;3;5;3;2;0;1;0;0;0;0;0;10.057398997;53.565988996
2;2018;6;12;2;3;5;3;0;1;1;0;0;0;0;0;9.921140539;53.597394928
2;2018;6;18;7;3;0;1;0;0;1;0;1;0;0;1;9.926595301;53.560480189
2;2018;6;8;3;3;0;7;0;1;1;0;0;0;0;0;9.934808136;53.551842862
2;2018;6;16;3;3;2;6;0;0;1;0;0;0;0;0;10.045755847;53.563776163
2;2018;6;17;2;3;5;3;0;1;1;0;0;0;0;0;10.005601333;53.580419059
2;2018;6;11;7;3;4;2;0;0;1;0;0;0;0;1;10.061254777;53.654954134
2;2018;6;16;3;3;2;6;0;0;1;0;0;0;0;0;10.015694079;53.563186649
2;2018;6;17;6;3;4;3;0;1;0;0;0;0;0;0;10.065815294;53.598403456
2;2018;6;8;6;3;0;7;0;1;0;0;1;0;0;1;9.94005484;53.618907073
2;2018;6;18;5;3;5;3;0;0;1;0;0;0;0;1;10.062297548;53.59604748
2;2018;6;15;2;3;2;6;0;0;1;0;1;0;0;0;10.205164375;53.485050809
2;2018;6;8;3;3;2;6;0;0;1;0;0;1;0;0;10.033779911;53.584254223
2;2018;6;14;5;2;5;3;0;1;1;0;0;0;0;0;9.81835316;53.569217146
2;2018;6;18;3;3;5;3;0;1;1;0;0;0;0;0;10.056981034;53.575786599
2;2018;6;0;4;3;0;4;2;0;0;1;1;0;0;0;9.962535601;53.573137872
2;2018;6;7;4;3;5;3;0;1;1;0;0;0;0;0;9.91234486;53.623402893
2;2018;6;15;3;3;2;6;0;0;1;0;0;0;1;0;9.923744713;53.63151592
2;2018;6;19;2;3;3;6;0;0;1;0;0;0;0;0;10.091934316;53.587558026
2;2018;6;16;2;3;5;3;0;1;1;0;0;0;0;0;10.10225957;53.625947541
2;2018;6;16;3;3;5;3;0;1;1;0;0;0;0;0;9.946601052;53.625688016
2;2018;6;17;1;3;0;7;0;1;0;0;0;0;1;0;10.108445344;53.669944902
2;2018;6;8;7;3;2;6;0;0;1;0;0;0;0;1;9.969951703;53.550080159
2;2018;6;12;2;3;7;7;0;0;1;0;0;0;1;0;10.080593547;53.560383799
2;2018;6;8;3;3;0;1;0;0;0;0;1;0;0;0;9.960022987;53.572886165
2;2018;6;7;6;3;0;6;0;0;0;0;1;0;1;0;10.028907341;53.600080812
2;2018;6;10;5;3;2;6;0;0;1;0;0;0;0;1;9.990898606;53.560328505
2;2018;6;14;2;2;5;3;0;0;1;0;0;0;0;0;10.097209722;53.534138105
2;2018;6;15;3;3;3;6;0;1;1;0;0;0;0;0;9.955405369;53.561488358
2;2018;6;19;3;3;1;7;0;1;1;0;0;0;0;0;9.982484521;53.55562554
2;2018;6;19;6;3;3;2;0;1;1;0;0;0;0;0;10.005413099;53.617819491
2;2018;6;15;5;3;5;3;0;1;1;0;0;0;0;1;9.941451857;53.584290063
2;2018;6;14;3;3;5;3;0;0;1;0;0;1;0;0;9.966250181;53.501803925
2;2018;6;14;2;3;5;3;0;1;1;0;0;0;0;0;10.000595262;53.49964891
2;2018;6;10;5;3;6;3;0;1;0;1;0;0;0;0;9.931727961;53.549859637
2;2018;6;20;2;3;5;3;0;0;1;0;0;0;0;0;10.098191966;53.553176567
2;2018;6;21;4;3;0;7;0;1;0;0;0;0;0;0;9.98271879;53.555632414
2;2018;6;7;2;3;2;2;0;0;1;0;0;0;0;0;10.099253541;53.535877456
2;2018;6;21;2;3;0;5;1;0;1;0;1;0;0;1;10.024910204;53.562725999
2;2018;6;14;2;3;1;6;0;0;1;0;0;0;0;0;10.134614101;53.57482236
2;2018;6;20;7;3;2;2;0;0;1;0;0;0;0;0;9.981936558;53.463309912
2;2018;6;15;6;3;1;5;0;0;1;0;0;0;0;0;10.181466622;53.450099509
2;2018;6;23;2;2;5;3;2;0;1;0;0;0;0;0;10.09246592;53.595545902
2;2018;6;19;6;3;5;3;0;1;1;0;0;0;0;0;9.977902882;53.601535399
2;2018;6;6;4;2;4;2;0;0;1;0;0;0;0;0;10.0155545;53.51850306
2;2018;6;22;2;3;4;2;1;0;1;0;1;0;0;0;10.068574519;53.580843094
2;2018;6;14;2;2;5;3;0;1;1;0;0;0;0;0;10.079166567;53.575436219
2;2018;6;14;3;3;5;3;0;0;1;0;0;0;0;0;10.03879466;53.607613439
2;2018;6;20;2;3;2;6;0;0;1;0;0;0;0;0;10.03562957;53.614377444
2;2018;6;11;1;3;5;3;0;1;1;0;0;0;0;1;9.94399642;53.554500294
2;2018;6;17;2;3;2;6;0;0;1;0;0;0;0;0;10.072971527;53.609199717
2;2018;6;18;3;3;0;7;0;1;0;0;0;0;1;0;10.205801957;53.503160573
2;2018;6;19;2;3;5;3;0;0;1;0;0;0;0;0;9.851426439;53.549405596
2;2018;6;12;1;2;1;5;0;1;1;0;0;0;0;0;10.250849816;53.414968675
2;2018;6;16;2;3;1;5;0;1;1;0;0;0;0;0;9.905864703;53.570192106
2;2018;6;12;7;3;0;2;0;0;1;0;0;0;1;0;10.010171575;53.583070502
2;2018;6;19;6;3;1;5;0;1;1;0;0;0;0;0;10.056295567;53.581769371
2;2018;6;8;2;3;0;7;0;0;0;0;0;0;1;0;9.889324312;53.601139159
2;2018;6;15;5;2;5;3;0;1;1;0;0;0;0;0;9.982723214;53.505820457
2;2018;6;14;4;3;2;6;0;0;1;0;0;0;0;0;10.123674676;53.570987603
2;2018;6;20;2;3;3;6;1;0;1;0;1;0;0;0;9.914970486;53.634809608
2;2018;6;13;3;3;1;7;0;1;1;0;0;0;0;0;9.995471937;53.581167416
2;2018;6;8;3;3;1;5;0;1;1;0;0;0;0;0;9.828020898;53.580401338
2;2018;6;13;2;3;2;3;0;1;0;0;0;0;0;0;9.931260001;53.553077323
2;2018;6;14;7;3;0;6;0;1;0;0;0;0;1;1;10.145002522;53.604623254
2;2018;6;9;2;3;3;6;0;0;1;0;1;0;0;0;9.985779999;53.547169269
2;2018;6;14;6;3;5;3;0;0;1;0;0;0;0;0;10.087012207;53.57765188
2;2018;6;21;6;3;5;3;0;1;1;0;0;0;0;0;9.84153065;53.559739635
2;2018;6;9;5;3;3;2;0;0;1;0;1;0;0;1;10.04571856;53.558361431
2;2018;6;10;4;3;5;3;0;1;1;0;0;0;0;0;10.160912246;53.596659059
2;2018;6;12;1;3;8;1;0;0;1;0;1;0;1;0;10.208095971;53.510024317
2;2018;6;23;5;3;5;2;2;0;1;0;0;0;0;0;10.035607552;53.575037486
2;2018;6;18;1;3;2;6;0;0;1;0;0;0;0;0;10.10372671;53.539351421
2;2018;6;15;1;3;4;2;0;0;1;0;0;0;0;0;10.103701178;53.575198048
2;2018;6;9;6;3;5;3;0;1;1;0;0;0;0;0;9.936365375;53.454971507
2;2018;6;13;6;3;5;2;0;0;1;0;0;0;0;0;10.048644357;53.576177621
2;2018;6;13;1;3;6;4;0;1;0;1;0;0;0;0;10.190317329;53.605116366
2;2018;6;7;5;3;4;6;0;1;0;0;0;0;0;0;10.102583882;53.635348897
2;2018;6;16;4;3;2;6;0;0;1;0;0;0;0;0;10.001118662;53.676768207
2;2018;6;19;1;3;5;3;0;1;1;0;0;0;0;0;10.101880242;53.58132674
2;2018;6;18;2;3;8;1;0;1;0;0;0;0;0;1;9.863170311;53.475824321
2;2018;6;16;3;3;3;2;0;1;1;0;0;0;0;0;10.000518488;53.555576364
2;2018;6;6;1;3;5;3;0;0;1;0;0;0;0;1;10.082538504;53.57665486
2;2018;6;11;2;3;0;2;0;0;1;0;0;0;1;0;10.044291113;53.593476528
2;2018;6;21;7;3;2;6;1;0;1;0;0;0;0;1;10.004022964;53.658132227
2;2018;6;10;1;2;1;5;0;0;1;0;0;0;1;0;10.080272114;53.609306447
2;2018;6;11;6;3;4;6;0;1;0;0;0;0;0;0;10.085162624;53.658049174
2;2018;6;13;5;3;1;6;0;0;1;0;0;0;0;1;9.996211226;53.648426568
2;2018;6;12;1;3;0;1;0;1;0;0;0;0;0;0;10.020411427;53.658824389
2;2018;6;12;1;3;5;3;0;1;1;0;0;0;0;0;10.035979412;53.574771473
2;2018;6;9;5;3;5;3;0;1;1;0;0;0;0;0;9.951022258;53.588300633
2;2018;6;13;1;3;2;6;0;1;1;0;0;0;0;0;9.911811964;53.610961175
2;2018;6;12;4;3;2;6;0;0;1;0;0;0;0;0;9.954135224;53.553428499
2;2018;6;18;4;3;6;4;0;1;0;1;0;0;0;0;9.955767237;53.551430564
2;2018;6;15;1;2;0;7;0;1;0;0;0;0;1;0;9.898632737;53.571363529
2;2018;6;7;2;3;1;7;0;1;1;0;0;0;0;0;10.006490085;53.605446822
2;2018;6;5;1;3;3;6;1;0;1;0;0;0;0;1;9.875683245;53.58879249
2;2018;7;8;2;3;1;6;0;0;1;0;0;0;0;0;10.124831175;53.58587564
2;2018;7;11;6;3;1;5;0;0;1;0;0;0;0;0;10.016246902;53.648811556
2;2018;7;18;4;3;5;3;0;0;1;0;0;0;0;0;10.031428881;53.576162658
2;2018;7;15;2;3;9;7;0;0;1;0;0;0;0;0;10.002435165;53.600910374
2;2018;7;9;2;3;3;2;0;1;1;0;0;0;0;0;10.137413508;53.579726385
2;2018;7;10;4;3;6;4;0;0;0;1;0;0;1;0;10.004841529;53.551660956
2;2018;7;10;2;3;5;3;0;0;1;0;0;0;0;0;10.135660644;53.617060987
2;2018;7;19;7;3;6;4;0;1;0;1;0;0;0;0;10.004827855;53.551659314
2;2018;7;20;2;3;5;3;0;0;1;0;0;0;1;0;10.115744842;53.488011508
2;2018;7;17;2;3;0;6;0;0;0;0;0;0;1;0;10.166272676;53.605755444
2;2018;7;14;2;3;6;2;0;0;1;1;0;0;0;0;10.050143071;53.610433592
2;2018;7;18;5;3;5;3;0;1;1;0;0;0;0;0;9.983873945;53.604855898
2;2018;7;14;6;3;5;3;0;0;1;0;0;0;1;0;10.052611028;53.550062032
2;2018;7;13;2;3;6;4;0;0;0;1;0;1;0;0;10.040921615;53.601635798
2;2018;7;15;4;3;5;3;0;1;1;0;0;0;0;1;9.947155101;53.551149578
2;2018;7;13;2;3;0;1;0;0;0;0;1;0;0;0;10.091454418;53.605351754
2;2018;7;11;5;3;6;2;0;0;1;1;0;0;0;0;9.985022357;53.456868919
2;2018;7;20;1;2;5;3;0;0;1;0;0;0;0;0;9.958258035;53.456494287
2;2018;7;11;3;3;5;2;0;1;1;0;0;0;0;0;10.16879377;53.595229023
2;2018;7;8;2;3;2;6;0;0;1;0;0;0;1;0;10.093287591;53.675933117
2;2018;7;11;6;3;3;2;0;0;1;0;1;0;0;0;10.01465538;53.575845888
2;2018;7;17;2;3;5;3;0;0;1;0;0;0;1;0;10.077135993;53.617093719
2;2018;7;18;2;3;1;2;0;0;0;0;1;0;0;0;10.031531628;53.598288576
2;2018;7;21;5;3;2;2;0;0;1;0;0;0;1;0;9.936978836;53.47694536
2;2018;7;8;2;3;5;3;0;1;1;0;0;0;0;0;10.013788986;53.595950731
2;2018;7;19;6;3;3;5;0;0;1;0;0;0;0;0;10.124065784;53.57306636
2;2018;7;15;2;3;5;2;0;1;1;0;0;0;0;0;10.154819918;53.613032253
2;2018;7;17;2;3;4;2;0;1;1;0;0;0;0;0;10.020470626;53.566169019
2;2018;7;9;3;3;4;2;0;0;1;0;0;0;1;0;10.123142559;53.540856126
2;2018;7;20;5;3;0;5;0;1;1;0;0;0;0;0;10.006863024;53.591794606
2;2018;7;22;2;2;0;1;1;1;0;0;0;0;0;0;9.817080061;53.583193284
2;2018;7;12;5;3;4;6;0;0;0;0;0;1;0;0;9.975703233;53.570088081
2;2018;6;9;3;3;2;6;0;0;1;0;0;0;0;0;9.908721944;53.591538307
2;2018;7;8;6;3;5;3;0;1;1;0;0;0;0;0;10.160230942;53.646509973
2;2018;7;8;3;3;1;5;0;1;1;0;0;0;0;0;9.882240373;53.568522814
2;2018;7;11;2;3;5;3;0;1;1;0;0;0;0;0;9.863282386;53.578195806
2;2018;7;16;5;3;0;7;0;1;0;0;0;0;0;0;10.01962068;53.590069564
2;2018;7;17;1;2;2;6;0;0;1;0;1;0;0;0;10.024022236;53.56835799
2;2018;7;17;3;3;5;3;0;1;1;0;0;0;0;0;10.04415667;53.571213454
2;2018;7;18;2;3;1;5;0;1;1;0;0;0;0;0;9.962408612;53.607696334
2;2018;7;14;6;3;5;3;0;0;1;0;0;0;0;0;9.942660769;53.553035545
2;2018;7;8;2;3;3;2;0;0;1;0;1;0;0;0;9.995759028;53.566495325
2;2018;7;17;2;3;5;2;0;1;1;0;0;0;0;0;9.967608166;53.586004718
2;2018;7;17;4;3;5;3;0;1;1;0;0;0;0;1;10.115535273;53.560390295
2;2018;7;15;2;3;3;6;0;1;0;0;0;0;1;0;9.926850162;53.55036274
2;2018;7;14;4;3;2;6;0;0;1;0;1;0;0;0;10.154991604;53.614562329
2;2018;7;16;5;3;0;7;0;1;1;0;0;0;0;0;10.02543965;53.524337559
2;2018;7;13;2;3;2;6;0;0;0;0;0;1;0;0;10.083686362;53.546517504
2;2018;7;12;2;3;5;2;0;0;1;0;0;0;0;0;9.918998892;53.545913851
2;2018;7;17;4;3;5;3;0;0;1;0;0;0;0;0;10.14883428;53.585843664
2;2018;7;18;2;3;5;3;0;1;1;0;0;0;0;0;10.014729531;53.560286528
2;2018;7;18;4;3;5;3;0;1;1;0;0;0;0;0;10.119141598;53.531973045
2;2018;7;0;6;3;2;6;2;0;1;0;0;0;0;0;9.965353943;53.546508607
2;2018;7;11;3;3;6;6;0;0;0;1;1;0;0;0;9.973418178;53.529568109
2;2018;7;14;1;3;8;6;0;0;1;0;0;0;1;0;9.99844995;53.506804414
2;2018;7;6;5;3;6;4;0;0;1;1;0;0;0;0;9.875677435;53.58830313
2;2018;7;17;1;3;2;6;0;0;1;0;0;0;0;0;10.022316236;53.535548013
2;2018;7;5;3;3;5;2;1;0;1;0;1;0;0;0;9.959379452;53.612316534
2;2018;7;15;1;2;6;4;0;0;1;1;0;0;0;0;10.105630735;53.437369504
2;2018;7;12;1;2;0;1;0;0;0;0;1;0;0;0;10.209095851;53.483343902
2;2018;7;22;6;3;5;7;1;1;1;0;0;0;0;0;9.962967299;53.551159792
2;2018;7;11;1;3;5;3;0;1;1;0;0;0;0;0;9.951225238;53.566313605
2;2018;7;12;1;3;2;6;0;0;1;0;0;0;1;0;10.102246706;53.541865877
2;2018;7;10;4;3;3;6;0;0;1;0;0;0;0;1;10.012885846;53.546460353
2;2018;7;20;1;2;0;1;0;0;0;0;1;0;0;0;10.098888413;53.537714249
2;2018;7;13;4;2;6;4;0;0;1;1;0;0;0;0;10.164261713;53.646758052
2;2018;7;17;2;3;2;6;0;0;1;0;0;0;0;0;10.071091278;53.57339371
2;2018;7;18;1;3;0;1;0;0;0;0;1;0;0;0;10.028674667;53.552216826
2;2018;7;17;4;3;2;6;0;0;1;0;0;0;1;0;9.954088642;53.569383116
2;2018;7;16;1;2;5;2;0;1;1;0;0;0;0;0;10.155893146;53.61424107
2;2018;7;19;7;3;1;5;0;0;1;0;0;0;0;0;9.937641649;53.550203988
2;2018;7;16;3;3;0;7;0;0;1;0;0;0;0;0;10.017909013;53.556106202
2;2018;7;11;1;3;2;6;0;0;1;0;1;0;0;0;10.155496588;53.614503171
2;2018;7;19;1;3;4;6;0;1;0;0;0;0;0;0;10.083392416;53.618244713
2;2018;7;12;5;3;5;3;0;0;1;0;0;0;0;0;9.845287164;53.563569285
2;2018;7;10;7;3;5;3;0;0;1;0;0;0;0;0;10.000405039;53.621572254
2;2018;7;9;3;3;5;3;0;1;0;0;0;0;0;0;9.950983604;53.565516989
2;2018;7;17;1;3;1;5;0;0;1;0;0;0;0;0;10.167685368;53.65658228
2;2018;7;18;1;3;3;2;0;1;1;0;0;0;0;0;10.012158131;53.646585367
2;2018;7;16;5;3;5;3;0;1;1;0;0;0;0;0;10.038872687;53.534295687
2;2018;7;20;7;3;1;7;0;1;1;0;0;0;0;0;10.05126465;53.557551877
2;2018;7;9;1;3;1;5;0;1;1;0;0;0;0;0;9.996888672;53.581899389
2;2018;7;12;4;3;5;2;0;0;1;0;0;0;0;1;10.035787531;53.600872273
2;2018;7;11;1;3;5;2;0;0;1;0;0;0;0;0;9.873970259;53.600495614
2;2018;7;23;6;3;0;1;2;1;0;0;0;0;0;0;10.02987036;53.578567547
2;2018;7;14;4;3;6;7;0;0;1;1;0;0;0;0;9.81178706;53.563240023
2;2018;6;18;3;3;2;6;0;1;0;0;0;0;0;0;9.955497805;53.570133598
2;2018;7;16;2;3;3;7;0;0;1;0;0;0;0;0;10.04471589;53.582237975
2;2018;7;5;1;3;5;3;0;0;1;0;0;0;0;0;9.890173108;53.550504296
2;2018;7;23;3;1;4;6;2;0;1;0;0;0;1;0;9.991604813;53.453614833
2;2018;7;17;1;3;6;6;0;1;0;1;0;0;0;0;9.936689009;53.551719796
2;2018;7;11;6;3;5;3;0;1;1;0;0;0;0;0;10.21068183;53.486562321
2;2018;7;23;2;3;0;6;2;0;1;0;0;0;0;0;10.08006906;53.556152704
2;2018;7;1;1;2;5;3;2;0;1;0;0;0;0;0;9.98988864;53.561500476
2;2018;7;10;3;3;1;7;0;0;1;0;1;0;0;0;10.03839688;53.533800035
2;2018;7;2;1;3;2;7;2;0;1;0;0;0;0;0;9.977190431;53.557803633
2;2018;7;15;5;3;5;3;0;1;0;0;0;0;1;0;9.922613657;53.546190505
2;2018;6;16;3;3;5;3;0;0;1;0;0;0;0;0;9.980419575;53.60139848
2;2018;7;15;6;3;2;6;0;0;1;0;1;0;0;0;10.188392782;53.60793465
2;2018;7;18;3;3;4;2;0;0;1;0;0;0;0;0;10.04744112;53.541009625
2;2018;6;17;7;2;6;2;0;0;1;1;0;0;0;0;10.204454445;53.491842756
2;2018;7;17;5;2;3;6;0;0;1;0;1;1;0;0;10.094758113;53.543967898
2;2018;7;10;7;3;3;6;0;0;1;0;1;0;0;0;9.928951738;53.550573747
2;2018;7;12;3;3;9;1;0;1;0;0;0;0;0;0;10.226996286;53.495410236
2;2018;6;13;7;3;1;5;0;1;1;0;0;0;0;0;10.08643182;53.498870768
2;2018;7;7;4;3;5;3;0;0;1;0;0;0;0;1;9.953773347;53.619977513
2;2018;6;15;7;3;2;6;0;0;1;0;0;0;0;0;10.084427365;53.551520664
2;2018;7;12;6;3;0;3;0;0;1;0;1;0;0;0;9.930941372;53.546486802
2;2018;7;23;4;3;1;5;2;1;1;0;0;0;0;0;9.98281269;53.574246534
2;2018;7;15;2;3;0;6;0;0;1;0;1;0;0;0;9.990502066;53.554460003
2;2018;7;17;3;3;2;6;0;0;1;0;0;0;0;0;10.163405069;53.61416943
2;2018;6;14;7;3;6;7;0;1;0;1;0;0;0;0;10.100793887;53.540477601
2;2018;7;12;6;3;2;6;0;0;1;0;0;0;1;0;10.132207288;53.596984585
2;2018;7;19;2;3;3;2;0;1;1;0;0;0;0;0;10.065785679;53.571305357
2;2018;6;14;7;3;0;7;0;1;0;0;0;0;0;0;10.11259083;53.616180924
2;2018;7;11;3;3;4;2;0;1;1;0;0;0;0;0;10.140738748;53.623199188
2;2018;7;21;5;3;3;5;0;0;1;0;0;0;0;0;10.010399318;53.610852199
2;2018;6;13;7;3;5;3;0;1;0;0;0;0;1;0;10.152449844;53.603985649
2;2018;7;13;5;3;3;2;0;1;1;0;0;0;0;0;9.99018872;53.559915751
2;2018;7;0;6;3;6;3;2;1;0;1;0;0;0;0;10.030779511;53.592224306
2;2018;7;1;3;3;5;3;2;1;0;0;0;1;0;0;9.962961595;53.569652137
2;2018;6;19;7;3;5;3;0;1;1;0;0;0;0;0;10.096163732;53.600001454
2;2018;7;15;5;3;2;6;0;0;1;0;0;0;0;0;10.02794428;53.569181819
2;2018;7;15;1;2;5;3;0;1;1;0;0;0;0;0;9.989511938;53.581979251
2;2018;7;6;3;3;5;3;0;0;1;0;0;0;0;0;10.041991597;53.566772959
2;2018;6;14;7;3;5;3;0;0;1;0;1;0;0;0;10.006870592;53.627744848
2;2018;7;9;6;3;5;2;0;1;1;0;0;0;0;0;9.977662082;53.575717637
2;2018;7;16;2;3;3;6;0;0;1;0;0;0;1;0;9.988261285;53.556817332
2;2018;7;9;1;3;4;2;0;0;1;0;1;0;0;0;10.124351506;53.587942708
2;2018;7;13;3;3;6;2;0;0;1;1;0;0;0;0;10.034350195;53.606192739
2;2018;6;20;7;3;2;6;0;0;1;0;0;0;0;0;10.040484317;53.579725306
2;2018;7;18;6;3;2;2;0;1;1;0;0;0;0;0;9.907625725;53.602279848
2;2018;7;14;2;2;1;5;0;1;0;0;0;1;0;0;10.065002543;53.604082396
2;2018;6;12;7;3;0;5;0;0;1;0;0;0;1;0;9.900591536;53.619514876
2;2018;7;14;4;3;0;4;0;0;0;1;0;0;1;1;9.986567973;53.456931812
2;2018;6;6;7;3;6;6;0;0;1;1;0;0;0;0;9.891658833;53.600964006
2;2018;7;16;4;3;6;3;0;0;1;1;0;0;0;0;10.040313433;53.555477145
2;2018;7;8;6;3;5;2;0;1;0;0;0;0;1;0;9.977933317;53.54921755
2;2018;7;17;2;3;2;6;0;0;1;0;0;0;0;0;10.240743801;53.477331818
2;2018;6;3;7;3;0;1;2;1;0;0;0;0;0;0;9.890250543;53.573352154
2;2018;7;17;4;3;0;2;0;0;1;0;0;0;1;0;10.000114503;53.520016551
2;2018;7;14;7;3;5;2;0;1;1;0;0;0;0;0;10.204994336;53.495998733
2;2018;7;16;3;3;6;6;0;0;1;1;0;0;0;0;9.963120056;53.569640492
2;2018;6;12;7;3;1;5;0;1;1;0;0;0;0;0;9.945628952;53.630083268
2;2018;6;10;7;3;4;2;0;0;1;0;0;0;0;0;9.99393319;53.572816313
2;2018;7;11;3;3;2;6;0;0;1;0;1;0;0;0;10.105599119;53.653445466
2;2018;7;16;5;3;2;6;0;0;1;0;0;0;0;0;9.898924076;53.476941016
2;2018;7;16;3;3;5;3;0;0;1;0;1;0;0;0;9.975549819;53.460237424
2;2018;7;11;1;3;2;6;0;0;1;0;0;0;1;0;9.980403388;53.576855771
2;2018;6;1;7;2;8;1;2;0;1;0;0;0;0;0;9.984471805;53.583484671
2;2018;7;18;4;3;5;3;0;0;1;0;0;0;0;1;10.001929696;53.59098933
2;2018;6;13;7;3;0;7;0;1;0;0;0;0;0;0;9.984249624;53.555455999
2;2018;7;22;6;3;0;7;2;1;0;0;0;0;0;0;10.017668056;53.634336749
2;2018;7;16;4;3;5;2;0;0;1;0;1;0;0;0;10.025255045;53.604147021
2;2018;7;16;2;3;5;3;0;0;1;0;0;0;0;0;10.009724749;53.653408691
2;2018;6;10;6;2;5;2;0;0;1;0;0;1;0;0;9.896663419;53.515488958
2;2018;7;14;4;3;3;6;0;0;1;0;0;1;0;1;10.081666077;53.533522689
2;2018;6;9;6;3;2;6;0;0;1;0;0;1;0;0;9.882710892;53.517557965
2;2018;7;13;4;3;5;2;0;1;1;0;0;0;0;0;10.083112845;53.576000357
2;2018;7;9;5;3;1;6;0;0;1;0;0;0;0;0;10.031255654;53.537773371
2;2018;7;19;2;3;2;6;0;0;1;0;0;0;0;0;10.140158993;53.609096609
2;2018;6;15;6;3;1;1;0;0;1;0;1;0;0;0;9.879561178;53.47366803
2;2018;7;17;4;3;3;2;0;1;1;0;0;0;0;0;10.05373602;53.568811936
2;2018;6;15;6;3;5;3;0;1;0;0;0;0;1;0;9.987733942;53.457099179
2;2018;7;19;7;3;5;3;0;1;1;0;0;0;0;0;9.909373518;53.549329567
2;2018;7;16;3;3;2;6;0;0;1;0;0;0;0;0;9.965822051;53.546373501
2;2018;6;20;6;3;4;6;0;1;0;0;0;0;0;0;10.025968319;53.52735664
2;2018;6;20;6;2;1;5;0;1;1;0;0;0;0;0;10.18489842;53.485682061
2;2018;7;12;3;3;2;6;0;0;1;0;0;0;0;0;10.009602337;53.578078933
2;2018;7;21;5;3;3;6;0;1;0;0;0;0;1;0;10.052243531;53.603694381
2;2018;7;21;7;3;3;7;1;0;1;0;0;0;0;0;10.011463261;53.639267174
2;2018;6;13;6;3;8;5;0;0;1;0;0;0;0;0;10.075994505;53.519488575
2;2018;7;16;4;3;5;3;0;1;1;0;0;0;0;1;10.055706736;53.591341214
2;2018;6;9;6;2;4;2;0;0;1;0;0;0;0;0;10.093686378;53.555329226
2;2018;7;11;6;3;2;6;0;0;1;0;0;0;0;0;10.049939846;53.589905936
2;2018;7;18;4;3;5;3;0;1;1;0;0;0;0;0;9.977804153;53.583916471
2;2018;6;9;3;3;0;3;0;1;1;0;0;0;0;0;9.963533111;53.577269805
2;2018;7;17;2;3;3;6;0;0;1;0;0;0;0;0;9.919594477;53.563641234
2;2018;7;5;3;3;3;2;0;1;1;0;0;0;0;0;10.098313348;53.53605746
2;2018;6;7;6;3;2;7;0;0;1;0;1;0;0;0;10.118811152;53.537182807
2;2018;7;8;3;3;5;3;0;0;1;0;0;0;0;0;10.054082541;53.572721704
2;2018;7;17;6;3;2;2;0;0;1;0;0;0;0;0;10.055465203;53.560946603
2;2018;7;15;2;3;5;3;0;1;1;0;0;0;0;0;10.035130086;53.552395006
2;2018;6;17;6;3;2;6;0;0;1;0;0;0;0;0;10.140380568;53.629461061
2;2018;6;16;6;3;2;6;0;0;1;0;1;0;0;0;10.159485428;53.620628551
2;2018;7;15;4;3;5;3;0;0;1;0;0;0;0;0;9.987464397;53.548957481
2;2018;6;17;6;3;6;4;0;0;1;1;0;0;0;0;10.153686394;53.60345769
2;2018;7;13;7;3;2;6;0;0;1;0;0;0;0;0;10.00611848;53.550515648