ULAND;UJAHR;UMONAT;USTUNDE;UWOCHENTAG;UKATEGORIE;UART;UTYP1;ULICHTVERH;IstRad;IstPKW;IstFuss;IstKrad;IstGkfz;IstSonstig;STRZUSTAND;XGCSWGS84;YGCSWGS84
2;2018;10;16;4;2;6;4;0;0;0;1;0;0;1;0;10.11496904;53.571024799
2;2018;10;14;3;3;2;6;0;0;1;0;0;0;0;0;9.823155976;53.576863144
2;2018;10;13;2;3;1;5;0;1;1;0;0;0;0;1;9.968525834;53.581570929
2;2018;10;8;3;2;1;6;0;0;1;0;1;0;1;0;9.969567953;53.638748141
2;2018;10;13;1;3;8;7;0;0;1;0;0;0;0;0;10.04947042;53.638122285
2;2018;10;3;1;2;1;1;2;0;1;0;0;0;0;0;10.089397808;53.581235052
2;2018;10;11;2;3;0;2;0;1;1;0;0;0;0;0;9.950196887;53.544843528
2;2018;10;22;6;3;2;7;2;0;0;0;1;0;1;0;10.073981531;53.574341928
2;2018;10;20;2;3;2;6;2;0;1;0;0;0;0;1;9.95370627;53.553686233
2;2018;10;16;4;3;0;7;0;1;0;1;0;0;0;0;9.985525376;53.588088043
2;2018;10;11;2;3;2;6;0;0;0;0;0;0;1;0;10.04295744;53.549282811
2;2018;10;8;2;3;5;3;0;1;0;0;0;1;0;0;10.018318172;53.479587193
2;2018;10;19;4;3;3;6;2;0;1;0;0;0;1;0;10.096799094;53.638533473
2;2018;10;18;3;3;3;2;0;1;1;0;0;0;0;0;9.952357627;53.549588738
2;2018;10;7;2;3;2;6;0;0;1;0;0;0;0;0;9.917846542;53.554019217
2;2018;10;14;3;3;4;2;0;1;0;0;0;0;1;0;9.95648489;53.562017368
2;2018;10;19;7;3;2;6;2;0;1;0;0;0;0;0;10.110000878;53.581939953
2;2018;10;19;1;3;2;6;2;0;1;0;0;0;0;0;9.854394963;53.598282429
2;2018;10;17;2;3;0;3;1;0;0;0;1;0;1;1;9.99761192;53.550695429
2;2018;10;17;4;3;3;7;0;0;1;0;1;0;0;0;9.970265175;53.557279966
2;2018;10;14;6;3;2;6;0;0;1;0;0;0;0;0;10.043823875;53.597554011
2;2018;9;13;1;3;2;6;0;0;1;0;0;0;0;0;9.864737282;53.533977563
2;2018;10;14;4;3;2;6;0;0;0;0;1;0;0;0;9.941590486;53.551873897
2;2018;10;15;2;3;5;3;0;1;1;0;0;0;0;0;10.125302244;53.668805833
2;2018;10;14;2;3;1;6;0;0;1;0;0;0;0;0;10.124776635;53.571211605
2;2018;9;10;1;3;2;6;0;0;1;0;1;0;0;0;9.781559909;53.537790631
2;2018;10;11;5;3;1;6;0;0;1;0;0;0;0;0;10.151190606;53.608959339
2;2018;10;20;7;3;6;4;1;0;0;0;0;0;1;0;10.180456535;53.606830846
2;2018;9;9;1;3;5;3;0;0;1;0;0;0;0;0;10.124020116;53.67126214
2;2018;10;5;6;3;0;7;2;1;0;0;0;0;0;0;10.019489399;53.434793091
2;2018;10;4;1;3;1;5;2;1;1;0;0;0;0;0;9.99066166;53.557914254
2;2018;9;10;1;3;0;1;0;1;0;0;0;0;0;0;10.006339471;53.585928575
2;2018;10;13;5;3;6;4;0;1;0;1;0;0;0;1;10.03427482;53.578832665
2;2018;10;15;3;3;4;7;0;0;1;0;0;0;0;0;10.090889192;53.553351554
2;2018;10;8;6;3;5;3;0;1;1;0;0;0;0;0;9.98992448;53.561942908
2;2018;9;0;1;3;3;5;2;0;1;0;0;0;0;0;10.050123623;53.568368489
2;2018;10;11;3;3;2;6;0;0;1;0;0;0;1;0;10.121991774;53.564210965
2;2018;10;8;2;3;5;3;0;1;1;0;0;0;0;0;10.036555232;53.574535039
2;2018;10;15;2;3;4;2;0;1;0;0;0;0;1;0;9.823146124;53.576533614
2;2018;9;12;1;3;4;2;0;0;1;0;0;0;0;0;9.909719408;53.60218502
2;2018;10;19;7;3;6;4;1;0;1;1;0;0;0;0;9.92500713;53.544676186
2;2018;9;16;1;3;2;4;0;0;1;1;0;0;0;0;9.906847963;53.567306794
2;2018;10;14;4;3;5;1;0;0;1;0;0;0;0;0;10.162217182;53.507074104
2;2018;9;15;7;3;4;6;0;0;1;0;0;0;1;0;10.130158625;53.54571967
2;2018;10;14;3;3;5;3;0;0;1;0;1;0;0;0;10.105853809;53.653472477
2;2018;10;16;3;3;5;3;0;1;1;0;0;0;0;0;9.911715024;53.563729264
2;2018;10;17;1;2;6;4;0;0;1;1;0;0;0;0;10.168203965;53.400588196
2;2018;10;12;5;3;5;3;0;1;1;0;0;0;0;1;10.159919813;53.610982562
2;2018;10;16;5;2;6;4;0;0;1;1;0;0;0;1;10.140723075;53.590585091
2;2018;10;7;3;3;5;3;0;0;1;0;1;0;0;1;10.126803655;53.642516012
2;2018;10;8;5;3;6;4;0;0;1;1;0;0;0;1;10.062137391;53.569090294
2;2018;11;11;3;3;2;6;0;0;1;0;0;0;0;1;10.106826669;53.58110859
2;2018;10;18;1;3;5;3;2;0;1;0;0;0;0;0;9.940995714;53.578281392
2;2018;10;14;5;3;2;2;0;0;1;0;0;0;0;1;10.068509267;53.57160785
2;2018;11;16;6;3;2;6;1;0;1;0;0;0;0;1;10.108645799;53.560466369
2;2018;10;8;5;3;4;2;0;1;1;0;0;0;0;1;10.042943572;53.607715651
2;2018;11;14;5;3;6;7;0;0;0;1;0;0;1;0;9.936789862;53.552440167
2;2018;10;15;5;3;6;4;0;0;1;1;0;0;0;0;10.164324084;53.646765029
2;2018;11;10;4;3;5;3;0;1;0;0;0;0;0;0;9.999691652;53.580432037
2;2018;10;15;5;3;0;3;0;1;1;0;0;0;0;0;10.107874335;53.645008168
2;2018;10;13;2;3;2;6;0;0;1;0;0;1;0;0;10.108707274;53.537615032
2;2018;10;16;5;3;4;2;0;1;1;0;0;0;0;0;10.026255747;53.631644806
2;2018;11;17;3;2;0;6;2;1;0;0;0;0;1;0;9.945690698;53.565138012
2;2018;10;14;5;3;4;2;0;1;1;0;0;0;0;0;10.018343567;53.614791434
2;2018;11;9;6;3;1;6;0;1;0;0;0;0;0;1;10.026459423;53.625125788
2;2018;11;19;3;3;2;7;2;0;1;0;0;0;0;0;10.030382601;53.679896721
2;2018;10;6;5;3;2;6;2;0;1;0;0;0;0;1;9.904972985;53.608630921
2;2018;11;13;6;3;5;2;0;1;1;0;0;0;0;0;10.174655775;53.606936102
2;2018;10;14;7;3;3;2;0;1;1;0;0;0;0;0;9.917641314;53.599470918
2;2018;10;14;7;3;1;6;0;0;1;0;0;0;0;0;9.972027292;53.598556226
2;2018;10;15;5;3;4;6;0;1;1;0;0;0;1;0;9.962054158;53.566220936
2;2018;10;17;4;3;3;2;1;1;1;0;0;0;0;0;10.108819408;53.581634535
2;2018;10;11;5;3;5;3;0;0;1;0;0;0;0;1;9.949329908;53.55862815
2;2018;11;6;4;2;5;3;2;1;1;0;0;0;0;0;9.951792442;53.598791316
2;2018;10;11;5;3;5;3;0;1;0;0;0;0;1;1;9.950061743;53.564151731
2;2018;10;16;2;2;6;4;0;0;1;1;0;0;0;0;10.092646925;53.573143686
2;2018;10;14;5;3;5;3;0;1;1;0;0;0;0;1;9.973828033;53.555115732
2;2018;11;15;2;3;5;3;0;0;1;0;0;1;0;0;10.082504627;53.576646679
2;2018;10;13;5;3;0;2;0;1;0;0;1;0;0;1;9.965820389;53.565427551
2;2018;11;14;6;3;5;2;0;0;1;0;0;0;0;0;9.977390387;53.56431594
2;2018;10;16;5;3;5;3;0;1;1;0;0;0;0;1;9.961305543;53.549522992
2;2018;10;20;5;3;0;7;2;0;1;0;0;0;0;0;9.995651646;53.550619395
2;2018;10;11;4;3;3;3;0;1;0;0;0;0;0;0;9.961985443;53.561901608
2;2018;10;18;5;3;2;6;2;0;1;0;0;0;0;0;10.000299768;53.555235842
2;2018;11;15;3;3;1;7;0;0;1;0;0;0;0;0;9.981787225;53.462947175
2;2018;10;9;4;3;4;2;0;1;1;0;0;0;0;1;9.9952019;53.452962269
2;2018;10;15;4;3;6;4;0;0;1;1;0;0;0;0;10.179921466;53.495948081
2;2018;10;13;4;3;5;3;0;1;1;0;0;0;0;0;10.16022801;53.646487371
2;2018;10;15;4;3;5;3;0;0;1;0;1;0;0;0;10.198491098;53.510624028
2;2018;11;9;4;3;5;3;0;0;1;0;0;0;0;0;9.993311732;53.576404584
2;2018;10;6;2;3;3;2;2;1;1;0;0;0;0;0;9.906436031;53.614625345
2;2018;10;14;4;3;6;4;0;0;1;1;0;0;0;0;10.203329929;53.498054361
2;2018;11;21;1;3;5;3;2;0;1;0;0;0;0;1;9.891026451;53.608530681
2;2018;10;14;4;3;6;4;0;0;1;0;0;0;1;0;10.205606913;53.49164787
2;2018;11;17;5;3;5;3;2;0;1;0;0;1;0;0;9.987707443;53.439089371
2;2018;10;13;4;3;5;3;0;1;1;0;0;0;0;0;10.211675148;53.48356024
2;2018;10;7;4;3;2;6;0;0;1;0;0;0;0;1;10.105886165;53.558870774
2;2018;10;20;3;3;2;6;2;0;1;0;0;0;1;1;10.038851887;53.607410551
2;2018;10;12;4;3;6;4;0;0;1;1;0;0;0;0;10.019221385;53.55249794
2;2018;11;5;3;2;3;6;2;0;1;0;0;1;0;1;10.025361201;53.530886201
2;2018;10;10;1;2;6;4;0;1;0;1;0;0;0;0;10.07656755;53.584254772
2;2018;10;9;4;2;0;7;0;0;0;0;0;0;1;0;10.118472363;53.606776147
2;2018;11;12;7;3;2;6;0;0;1;0;0;0;0;0;9.976565688;53.597972167
2;2018;10;8;2;3;4;6;0;1;0;0;0;0;0;0;9.977529641;53.564307298
2;2018;10;7;4;3;2;6;0;0;1;0;0;0;0;1;10.141030631;53.629142772
2;2018;11;17;7;2;5;2;2;0;1;0;0;0;0;0;10.010891206;53.463080022
2;2018;10;17;4;3;5;3;0;1;1;0;0;0;0;1;10.125740759;53.573052249
2;2018;11;15;5;2;6;4;0;0;1;1;0;0;0;0;10.070839897;53.598514438
2;2018;10;11;7;3;5;3;0;0;1;0;0;0;1;0;9.972034412;53.581995987
2;2018;10;10;4;3;1;6;0;0;1;0;0;0;0;0;10.037446;53.630063534
2;2018;10;6;4;3;5;3;2;0;0;0;1;0;1;1;10.031648445;53.64708232
2;2018;10;11;3;3;1;6;0;0;1;0;0;0;0;0;10.008793993;53.648219722
2;2018;10;19;4;3;0;7;2;0;1;0;1;0;0;1;10.006567879;53.593105375
2;2018;11;14;3;3;6;4;0;0;1;1;0;0;0;0;10.059286409;53.580627729
2;2018;10;22;4;3;0;1;2;0;0;0;1;0;0;1;10.02988832;53.585097071
2;2018;11;10;6;3;5;3;0;0;1;0;0;0;0;0;10.110423318;53.539850449
2;2018;10;9;7;3;0;3;0;0;1;0;1;0;0;0;9.797949696;53.561795876
2;2018;10;23;7;2;4;2;2;0;1;0;0;0;0;1;9.979164601;53.555578657
2;2018;10;13;4;3;6;7;0;0;1;1;0;0;0;0;10.029921215;53.559279054
2;2018;11;14;5;3;5;3;0;0;1;0;0;1;0;0;9.925786267;53.516481982
2;2018;10;7;4;2;3;7;2;1;1;0;0;0;0;1;10.056394899;53.570997407
2;2018;11;17;4;3;4;6;2;1;1;0;0;0;0;0;10.013142407;53.579580068
2;2018;10;6;4;3;3;6;2;0;1;0;0;0;0;1;10.046331217;53.583005704
2;2018;10;21;7;3;6;4;2;0;1;1;0;0;0;1;10.025273652;53.60489702
2;2018;10;13;4;3;5;3;0;1;1;0;0;0;0;0;9.763044418;53.581973533
2;2018;11;8;5;3;2;6;0;0;1;0;0;0;0;0;10.050285514;53.587497055
2;2018;10;13;4;3;2;6;0;0;1;0;0;0;0;0;9.852819424;53.592199763
2;2018;10;10;4;3;1;5;0;0;1;0;0;0;0;0;9.861063343;53.585601652
2;2018;10;12;3;3;3;2;0;1;1;0;0;0;0;0;9.92077449;53.647927841
2;2018;10;7;4;3;6;4;1;0;1;1;0;0;0;1;9.910955248;53.556851711
2;2018;11;8;3;3;5;3;0;1;1;0;0;0;0;0;10.042571514;53.564489596
2;2018;10;7;4;3;2;6;0;0;1;0;0;0;0;1;9.880550357;53.552084945
2;2018;11;15;6;3;5;3;0;1;1;0;0;0;0;0;10.10875002;53.609295267
2;2018;10;23;7;3;6;4;2;0;1;1;0;0;0;0;9.88934599;53.575784038
2;2018;10;14;4;3;1;1;0;1;1;0;0;0;0;0;9.870875416;53.580816084
2;2018;10;19;4;3;3;6;2;0;1;0;0;0;0;0;10.059989778;53.570387257
2;2018;10;15;4;3;5;3;0;1;1;0;0;0;0;0;9.98300279;53.613865672
2;2018;11;17;4;3;5;3;2;1;0;0;0;0;0;0;9.925460446;53.550484111
2;2018;10;13;2;3;2;6;0;0;1;0;0;0;1;0;10.103677183;53.703312888
2;2018;10;6;4;3;5;3;2;0;1;0;0;0;0;1;9.965144447;53.603461307
2;2018;11;23;2;3;5;3;2;1;1;0;0;0;0;0;9.962992509;53.569440153
2;2018;10;15;2;3;0;3;0;1;0;0;0;0;1;0;10.17606578;53.62918524
2;2018;10;21;4;3;2;6;1;0;1;0;0;0;0;1;9.948609403;53.562064266
2;2018;11;13;3;3;2;6;0;0;1;0;0;0;0;1;9.953721896;53.547177062
2;2018;10;15;4;3;1;5;0;1;1;0;0;0;0;0;10.017156157;53.536853365
2;2018;11;8;6;3;5;3;0;1;1;0;0;0;0;0;9.906734016;53.598299542
2;2018;10;8;3;3;1;6;0;0;1;0;0;0;0;1;9.977898909;53.462319058
2;2018;10;16;3;3;5;3;0;0;1;0;0;0;0;1;10.127237218;53.540073538
2;2018;10;10;4;3;2;6;0;0;1;0;0;0;0;0;10.013719496;53.594139225
2;2018;10;14;3;3;4;6;0;0;1;0;0;0;0;1;10.114368702;53.557758205
2;2018;11;9;4;3;5;3;0;0;1;0;0;0;0;0;9.976683192;53.557513546
2;2018;10;19;2;3;1;5;2;0;1;0;0;0;1;0;9.840072066;53.571289878
2;2018;10;20;3;3;5;2;2;1;1;0;0;0;0;1;10.137415535;53.592840731
2;2018;11;6;1;3;2;6;2;0;1;0;1;0;0;0;9.961634156;53.546421799
2;2018;10;18;6;3;1;6;2;0;1;0;0;0;0;1;10.09963234;53.579558164
2;2018;10;13;7;3;5;2;0;1;1;0;0;0;0;0;9.985043443;53.456855817
2;2018;10;17;3;2;8;7;0;0;1;1;0;0;0;1;10.127973405;53.579894766
2;2018;11;18;5;3;6;4;2;0;1;1;0;0;0;0;10.207291496;53.494970191
2;2018;10;14;3;2;3;6;0;0;1;0;0;0;0;1;10.102638188;53.579268997
2;2018;10;6;3;3;2;2;2;1;1;0;0;0;0;0;10.156266272;53.614398771
2;2018;10;9;3;2;3;3;0;0;0;0;1;0;1;0;10.159171448;53.653573035
2;2018;10;6;3;3;6;4;2;0;1;1;0;0;0;1;10.109978361;53.707461259
2;2018;11;5;6;2;2;6;2;0;1;0;0;0;1;0;9.927411237;53.518689609
2;2018;10;20;3;3;5;3;2;0;1;0;0;0;0;1;10.036185317;53.640227347
2;2018;10;19;3;3;4;2;2;0;1;0;0;0;0;1;10.021059617;53.649035236
2;2018;10;11;3;3;4;2;0;1;1;0;0;0;0;0;10.209103374;53.482593654
2;2018;10;9;3;3;3;6;0;1;1;0;0;0;0;1;9.993894959;53.600196596
2;2018;11;16;3;3;3;2;0;1;1;0;0;0;0;0;10.182069113;53.498047843
2;2018;10;9;2;3;5;3;0;1;1;0;0;0;0;0;10.013541199;53.561275809
2;2018;10;8;3;3;4;2;0;1;1;0;0;0;0;1;10.038932471;53.572103669
2;2018;11;17;7;3;6;4;2;0;0;1;0;0;1;0;10.08571409;53.590968914
2;2018;10;19;6;3;3;6;2;1;1;0;0;0;0;1;10.100116624;53.585365828
2;2018;10;8;3;3;4;2;0;1;1;0;0;0;0;1;9.920374191;53.589633746
2;2018;11;17;5;3;1;5;1;0;1;0;0;0;1;0;10.083457403;53.651362126
2;2018;10;15;6;3;2;6;0;0;1;0;0;0;0;1;9.987803765;53.453446923
2;2018;10;13;3;3;2;6;0;0;1;0;0;0;0;1;9.921352702;53.637946822
2;2018;10;9;3;3;6;4;0;0;1;1;0;0;0;1;9.946843171;53.580646336
2;2018;10;15;3;3;5;3;0;1;1;0;0;0;0;0;10.001774411;53.586357892
2;2018;10;18;3;3;6;2;2;0;1;1;0;0;0;1;9.935897536;53.550281837
2;2018;11;17;3;3;4;6;2;0;1;0;0;0;0;1;10.078298432;53.608539851
2;2018;10;19;6;3;3;2;2;1;1;0;0;0;0;1;10.084941923;53.603130609
2;2018;10;7;3;3;1;6;0;0;1;0;0;0;0;1;9.96001989;53.563807461
2;2018;10;12;3;3;2;6;0;0;1;0;0;0;1;1;9.960322598;53.546306041
2;2018;11;20;3;3;5;7;2;0;1;0;0;0;0;0;10.111540115;53.570977119
2;2018;10;13;1;3;8;7;0;0;1;0;0;0;0;0;9.822132029;53.561001279
2;2018;10;13;3;3;5;2;0;0;1;0;0;0;0;1;9.979146559;53.555581641
2;2018;11;15;7;3;0;7;0;0;1;0;0;0;1;0;10.006685122;53.551862252
2;2018;10;18;6;3;3;6;2;0;1;0;0;0;0;1;10.079290334;53.61831238
2;2018;10;10;3;2;5;3;0;1;1;0;0;0;0;1;10.002049257;53.556966896
2;2018;11;13;5;2;5;3;0;1;1;0;0;0;0;0;9.965398107;53.61491063
2;2018;10;19;3;3;6;4;2;0;1;1;0;0;0;1;10.010515542;53.550948753
2;2018;11;13;4;3;4;2;0;0;1;0;0;0;0;0;10.011493306;53.60907509
2;2018;10;14;3;3;3;6;0;0;1;0;0;1;0;1;9.914566314;53.512177824
2;2018;10;9;3;3;5;2;0;0;1;0;0;0;0;0;9.960946954;53.51327285
2;2018;10;12;2;3;6;4;0;0;1;1;0;0;0;0;9.940325834;53.43953165
2;2018;11;18;3;2;0;7;2;1;1;0;0;0;0;0;9.977091456;53.58368877
2;2018;10;11;6;3;2;6;0;0;1;0;0;0;0;0;10.042112386;53.607818584
2;2018;10;18;2;3;6;4;2;0;1;1;0;0;1;0;9.986225223;53.456883522
2;2018;11;15;6;2;5;3;0;0;1;0;1;0;0;0;10.098152318;53.586651541
2;2018;10;15;6;3;4;6;0;1;1;0;0;0;0;0;10.016424685;53.568510922
2;2018;10;16;2;3;5;3;0;0;1;0;0;0;0;0;9.965848529;53.457857774
2;2018;10;18;4;2;6;6;2;1;0;1;0;0;0;0;10.084916788;53.624849981
2;2018;11;16;6;3;5;2;1;0;0;0;0;0;1;0;10.11395129;53.60104291
2;2018;10;15;2;3;2;6;0;0;1;0;0;0;1;0;9.9773345;53.460876946
2;2018;10;19;4;3;5;2;2;1;1;0;0;0;0;0;10.202684063;53.488977608
2;2018;10;14;2;3;1;5;0;1;1;0;0;0;0;0;9.965930005;53.463455377
2;2018;11;7;4;3;4;2;0;0;1;0;0;0;0;0;9.8707148;53.592920967
2;2018;10;7;2;3;4;2;2;0;1;0;0;0;1;1;9.991368811;53.500696922
2;2018;10;11;2;3;3;2;0;1;0;0;0;1;0;0;10.115538309;53.611744366
2;2018;10;16;2;3;1;5;0;0;1;0;0;0;0;0;10.086091307;53.54462145
2;2018;11;21;2;3;6;4;2;1;1;1;0;0;0;1;10.101180911;53.540879584
2;2018;10;20;6;3;5;3;2;0;1;0;0;0;0;1;10.032393555;53.576373993
2;2018;10;15;2;3;2;6;0;0;1;0;0;0;1;0;10.096816081;53.55640445
2;2018;11;15;6;3;4;6;0;1;1;0;0;0;0;0;9.933188667;53.555997501
2;2018;10;10;2;3;5;3;0;0;1;0;0;0;0;0;10.127297013;53.53878815
2;2018;10;7;2;3;6;2;2;0;1;1;0;0;0;1;10.086789083;53.552037845
2;2018;10;14;4;3;3;6;0;1;1;0;0;0;0;0;9.895417306;53.572261687
2;2018;10;20;2;3;5;7;2;0;1;0;0;0;0;0;10.084225289;53.554843633
2;2018;11;15;4;3;6;7;0;0;0;1;0;0;1;0;10.010411041;53.552781383
2;2018;10;12;2;3;5;3;0;0;1;0;1;0;0;0;9.980124986;53.601416291
2;2018;10;14;2;3;3;6;0;0;1;0;0;0;1;0;10.069942862;53.558451629
2;2018;11;20;7;3;8;7;2;0;1;0;0;0;0;0;10.026149152;53.471858249
2;2018;10;10;2;3;0;5;0;1;1;0;0;0;0;1;10.062259511;53.55567006
2;2018;11;14;4;3;1;7;0;1;1;0;0;0;0;0;9.990607523;53.560442157
2;2018;10;2;2;2;0;7;2;0;1;1;0;0;0;0;10.047040761;53.583894153
2;2018;10;8;2;3;5;2;0;1;1;0;0;0;0;1;10.123506072;53.615881599
2;2018;11;12;1;3;6;4;0;0;1;1;0;0;0;0;9.986411892;53.456909822
2;2018;10;18;6;3;5;3;2;1;1;0;0;0;0;1;9.947487926;53.582936539
2;2018;10;9;2;3;2;6;0;1;0;0;0;0;0;0;10.153937675;53.601423688
2;2018;11;17;5;3;1;3;2;1;1;0;0;0;0;0;9.875651196;53.473814957
2;2018;10;18;2;3;5;3;2;0;1;0;0;0;0;0;10.039168105;53.606510896
2;2018;10;6;2;2;6;4;2;0;1;1;0;0;0;1;10.038903468;53.608297272
2;2018;10;5;3;3;2;6;2;0;1;0;0;0;0;1;10.092614347;53.595525047
2;2018;10;18;2;3;5;2;1;1;0;0;0;0;1;0;10.015686486;53.617215705
2;2018;11;17;3;3;5;3;2;0;1;0;1;0;0;0;10.01944453;53.547143254
2;2018;10;19;1;3;4;2;2;0;1;0;0;0;0;0;10.148109745;53.605364118
2;2018;10;7;2;3;0;2;2;1;1;0;0;0;0;1;10.028977819;53.63055961
2;2018;11;14;7;3;5;3;0;0;1;0;0;0;0;0;9.916509131;53.582296197
2;2018;10;8;6;3;6;4;0;0;1;1;0;0;0;0;9.798949335;53.565943332
2;2018;10;16;2;3;5;2;0;0;1;0;0;0;0;0;10.024981724;53.604249144
2;2018;11;11;5;3;5;3;0;0;1;0;0;0;0;0;10.028671508;53.571210331
2;2018;10;13;2;3;5;7;0;0;1;0;0;0;0;0;10.007255106;53.604398725
2;2018;10;19;6;2;5;3;2;0;1;0;0;0;1;1;9.929289722;53.567524986
2;2018;10;16;2;3;4;2;0;0;1;0;0;0;0;0;10.024993375;53.601804744
2;2018;11;9;5;3;0;7;0;1;0;0;0;0;0;0;10.123204399;53.57950221
2;2018;10;11;2;3;5;3;0;0;1;0;0;0;0;1;10.033695901;53.58348453
2;2018;10;17;2;3;5;3;1;0;1;0;0;0;0;0;9.85880706;53.598046462
2;2018;10;16;3;3;6;4;1;0;1;1;0;0;0;0;10.167593406;53.649929724
2;2018;10;17;2;3;1;6;2;0;1;0;0;0;0;0;9.951781844;53.598768293
2;2018;11;15;3;3;5;2;0;1;1;0;0;0;0;1;10.06186129;53.585451978
2;2018;10;14;6;3;3;7;0;1;1;0;0;0;0;1;9.975702633;53.588634358
2;2018;10;11;1;3;3;6;0;0;1;0;0;0;0;0;10.021160111;53.55756219
2;2018;10;19;2;2;5;2;2;1;1;0;0;0;0;0;9.937365445;53.552508831
2;2018;11;13;6;3;5;3;0;0;1;0;0;0;0;0;10.115673841;53.545971349
2;2018;10;3;6;3;1;5;2;1;1;0;0;0;0;0;9.96325734;53.576482648
2;2018;10;16;7;3;3;2;0;0;1;0;1;0;0;0;10.033970272;53.579873089
2;2018;10;5;2;3;6;2;2;0;1;1;0;0;0;1;9.966397803;53.569433829
2;2018;11;8;5;3;4;2;0;1;1;0;0;0;0;0;9.977645939;53.550212137
2;2018;10;8;2;3;4;2;0;0;1;0;0;0;0;1;10.000582515;53.555620206
2;2018;11;17;4;3;1;5;2;1;1;0;0;0;0;0;9.997079875;53.586620531
2;2018;10;19;2;2;1;7;2;1;1;0;0;0;0;0;10.016958401;53.55566219
2;2018;10;8;2;3;3;2;0;0;1;0;0;0;1;0;10.041450346;53.551317345
2;2018;10;14;2;3;5;2;0;1;1;0;0;0;0;0;10.015284306;53.561158255
2;2018;11;23;3;3;5;2;2;0;1;0;0;0;0;0;9.960152753;53.549460277
2;2018;10;14;6;3;2;6;0;0;1;0;0;0;0;1;9.964525371;53.603548666
2;2018;10;18;1;3;4;2;1;0;1;0;0;0;0;0;10.202005931;53.485612026
2;2018;10;8;3;3;3;2;0;1;1;0;0;0;0;0;10.057610346;53.566137342
2;2018;10;15;1;3;5;3;0;1;0;0;0;0;1;0;10.172952995;53.483112312
2;2018;11;16;3;3;1;5;0;1;1;0;0;0;0;0;10.020410524;53.588962744
2;2018;10;19;6;3;5;3;2;0;1;0;0;0;1;1;9.938114026;53.550244151
2;2018;10;18;1;3;0;7;1;1;0;0;0;0;1;0;10.111369274;53.673150394
2;2018;11;16;6;3;6;4;0;1;0;1;0;0;0;0;10.154320101;53.616934965
2;2018;10;14;6;3;0;7;0;0;0;0;1;0;0;1;9.917646161;53.551100809
2;2018;10;20;1;3;3;7;2;0;1;0;0;0;0;0;10.058673068;53.570078348
2;2018;10;0;4;2;6;4;2;0;0;1;0;0;1;1;10.158688601;53.602602719
2;2018;10;19;1;3;0;1;2;0;0;0;1;0;0;0;10.051257801;53.593548712
2;2018;10;8;1;3;0;1;0;0;0;0;1;0;0;1;10.006155466;53.554753382
2;2018;11;15;4;3;0;7;0;0;0;0;1;0;0;0;9.948703802;53.582355796
2;2018;10;14;2;3;0;2;0;0;1;0;0;0;1;0;10.093189822;53.587814705
2;2018;10;14;1;3;5;3;0;1;1;0;0;0;0;0;9.91401044;53.556600915
2;2018;11;8;2;3;5;3;0;1;1;0;0;0;0;1;9.87396665;53.600424281
2;2018;10;12;6;3;5;3;0;0;1;0;0;0;0;1;9.956110031;53.554977243
2;2018;10;12;1;3;3;6;0;0;1;0;1;0;0;0;9.887688468;53.593178748
2;2018;11;12;6;3;1;5;0;1;1;0;0;0;0;0;9.987240845;53.555632823
2;2018;10;19;6;3;2;6;2;0;1;0;0;0;0;1;9.962711735;53.548035449
2;2018;10;16;1;3;8;7;0;1;0;0;0;0;0;0;9.942499329;53.555352317
2;2018;10;15;1;3;3;6;0;0;1;0;0;0;0;0;10.015080223;53.554821852
2;2018;11;20;6;3;2;6;2;0;1;0;0;0;0;0;10.057581631;53.566117186
2;2018;10;19;5;3;3;2;2;1;1;0;0;0;0;1;10.091974908;53.552394172
2;2018;10;11;7;3;2;6;0;0;1;0;1;0;0;0;10.043861361;53.56237404
2;2018;10;14;7;3;5;3;0;0;1;0;0;0;0;0;10.05706708;53.552272657
2;2018;10;15;4;3;5;3;0;1;0;0;0;0;1;0;10.124590308;53.634409089
2;2018;10;13;7;3;0;7;0;1;0;0;0;0;0;0;10.12582385;53.57298097
2;2018;11;15;4;3;5;2;0;1;1;0;0;0;0;0;9.958331121;53.556898663
2;2018;10;11;2;3;5;3;0;1;1;0;0;0;0;0;9.933555217;53.596907026